SectionName,ShortTitle,RoomNumber,MeetingDays,StartTime,EndTime,MinCredits,MaxCredits,Prerequisites,SeatsAvailable,SeatCapacity,FacultyName,Coreq,AvailStatus
ACCT-201-01,INTRO TO FICIAL ACCT,203,MWF,570,620,3.0,0.0,,20,20,"McLanahan, Michael",,Open
ACCT-201-02,INTRO TO FICIAL ACCT,203,MWF,690,740,3.0,0.0,,20,20,"McLanahan, Michael",,Open
ACCT-202-01,INTRO TO MANAGERIAL ACCT,014,TTH,600,675,3.0,0.0,ACCT 201,30,30,"Bysiek, Edward",,Open
ACCT-202-03,INTRO TO MANAGERIAL ACCT,209,MWF,510,560,3.0,0.0,ACCT 201,30,30,"Schachner, Samantha",,Open
ACCT-202-04,INTRO TO MANAGERIAL ACCT,101,MWF,630,680,3.0,0.0,ACCT 201,30,30,"Schachner, Samantha",,Open
ACCT-202-05,INTRO TO MANAGERIAL ACCT,209,TTH,510,585,3.0,0.0,ACCT 201,30,30,"McLanahan, Michael",,Open
ACCT-202-06,INTRO TO MANAGERIAL ACCT,103,TTH,690,765,3.0,0.0,ACCT 201,30,30,"Rankin, Kathleen",,Open
ACCT-202-07,INTRO TO MANAGERIAL ACCT,103,TTH,870,945,3.0,0.0,ACCT 201,15,15,"McLanahan, Michael",,Open
ACCT-202H-01,INTRO: MANAGERIAL ACCTNG HON.,103,TTH,870,945,3.0,0.0,,10,10,"McLanahan, Michael",,Open
ACCT-306-01,GOVERNMENTAL & NONPROFIT ACCT,014,TTH,510,585,3.0,0.0,,30,30,"Bysiek, Edward",,Open
ACCT-308-01,ADV MANAGERIAL ACCOUNTING,101,TTH,780,855,3.0,0.0,ACCT 202,25,25,"Schachner, Samantha",,Open
ACCT-308-02,ADV MANAGERIAL ACCOUNTING,101,TTH,870,945,3.0,0.0,ACCT 202,25,25,"Schachner, Samantha",,Open
ACCT-362-01,INTERM FIN REPORT II,101,MW,870,945,3.0,0.0,ACCT 305 AND ACCT 361,25,25,"Rankin, Kathleen",,Open
ACCT-362-02,INTERM FIN REPORT II,203,TTH,870,945,3.0,0.0,ACCT 305 AND ACCT 361,25,25,"Rankin, Kathleen",,Open
ACCT-404-01,ADVANCED TAXES,205,TTH,600,675,3.0,0.0,ACCT 310,20,20,"King, Darwin",,Open
ACCT-404-02,ADVANCED TAXES,205,TTH,690,765,3.0,0.0,ACCT 310,20,20,"King, Darwin",,Open
ACCT-499-55,INDEPENDENT STUDY,,,,,1.0,3.0,,0,0,"Schachner, Samantha",,Open
ADED-306-01,MANAGING INST/BEHAV SEC EDUC,007,MW,960,1110,3.0,0.0,,25,25,"Schrems, Tracy",,Open
ADED-330-01,METH/MOD/MGMT OF INSTRUCTION,306,MW,630,689,2.0,0.0,,20,20,"Chimbel, Bethanne",,Open
ADED-333-01,SECONDARY ENGLISH METHODS,,T,1020,1080,1.0,0.0,,12,12,"Tederous, Meaghan",,Open
ADED-337-01,SECONDARY L.O.T.E. METHODS,121,T,1020,1080,1.0,0.0,,10,10,"Cashing, Elizabeth",,Open
ADED-338-01,SECONDARY SOC STUDIES METHODS,005,T,1020,1080,1.0,0.0,,15,15,"Conroy, Michael",,Open
ADED-340-01,SECONDARY MATH METHODS,,T,1020,1080,1.0,0.0,,10,10,"Yeager, Tamra",,Open
ADED-354-55,PROBLEMS OF LITERACY,,,,,3.0,0.0,,0,0,"Schrems, Tracy",,Open
ADED-360-01,LITERACY IN THE CONTENT AREA,013,MWF,510,560,3.0,0.0,,25,25,"Schrems, Tracy",,Open
ADED-406-01,EVALUATING LEARNERS &LEARNING,306,MWF,570,620,3.0,0.0,,20,20,"Chimbel, Bethanne",,Open
ADED-495-01,SEC.STUD.TEACHING:GRADES 7-9,,MTW,480,719,5.0,0.0,,30,30,"Morris, Jon",,Open
ADED-496-01,SEC.STUD.TEACHING:GRADES10-12,,MTW,720,960,5.0,0.0,,30,30,"Morris, Jon",,Open
ADED-528-72L01,LEGAL ISSUES FOR TEACHERS,,,,,3.0,0.0,,25,25,"Kirkwood, Pamela",,Open
ADED-540-F1L01,EVAL.LEARNERS/LEARNING,,,,,3.0,0.0,,20,20,"Chimbel, Bethanne",,Open
ADED-588-F1L01,SECONDARY STUDENT TEACHING,,MTW,720,960,3.0,0.0,,75,75,"Morris, Jon",,Open
ARBC-102-01,ELEM ARABIC II,202,MWF,750,800,3.0,0.0,ARBC 101,12,12,"Calabria, Michael",,Open
ARBC-202-01,INTERM ARABIC II,202,MWF,570,620,3.0,0.0,ARBC 201,10,10,"Calabria, Michael",,Open
ARP-100-01,ACADEMIC RESTORATION PROGRAM,202,TT,600,650,0.0,0.0,,12,12,"Murphy, Conor",,Open
ARP-100-02,ACADEMIC RESTORATION PROGRAM,219,TT,870,920,0.0,0.0,,12,12,"Morabito, Nicholas",,Open
ARP-100-03,ACADEMIC RESTORATION PROGRAM,219,WF,510,560,0.0,0.0,,12,12,"Torre, Nicholas",,Open
ARTH-102-01,SURVEY OF WESTERN ART II,,,,,3.0,0.0,,24,24,"Prince, Jennifer",,Open
ARTH-322-01,CONTEMPORARY ISSUES IN ART,,,,,3.0,0.0,,15,15,"Prince, Jennifer",,Open
BI-300A-01,GEN.BUSINESS INTERNSHIP,,,,,1.0,3.0,,0,0,"Kasperski, Michael",,Open
BI-300B-01,ADV.GEN.BUS.INTERNSHIP,,,,,1.0,3.0,,0,0,"Kasperski, Michael",,Open
BI-301A-01,ACCOUNTING INTERNSHIP,,,,,1.0,3.0,,0,0,"Kasperski, Michael",,Open
BI-301B-01,ADV.ACCT.INTERNSHIP,,,,,1.0,3.0,,0,0,"Kasperski, Michael",,Open
BI-302A-01,MGMT SCIENCE INTERNSHIP,,,,,1.0,3.0,,0,0,"Kasperski, Michael",,Open
BI-302B-01,ADV.MGMT.SCI.INTERNSHIP,,,,,1.0,3.0,,0,0,"Kasperski, Michael",,Open
BI-303A-01,MARKETING INTERNSHIP,,,,,1.0,3.0,,0,0,"Kasperski, Michael",,Open
BI-303B-01,ADV.MKT.INTERNSHIP,,,,,1.0,3.0,,0,0,"Kasperski, Michael",,Open
BI-309A-01,SPORTS MANAGEMENT INTERN,,,,,1.0,3.0,,0,0,"Kasperski, Michael",,Open
BIF-401-01,BIOINFORMATICS SEMINAR,,,,,1.0,0.0,,15,15,"Benington, Joel",,Open
BIO-101-01,FUNDAMENTALS OF BIOLOGY,201,TTH,510,585,4.0,0.0,,32,32,"Messer, Christopher","BIOL-101-01;BIOL-101-02;BIOL-101-03;BIOL-101-04;BIOL-101-05;BIOL-101-06",Open
BIO-101-02,FUNDAMENTALS OF BIOLOGY,201,TTH,600,675,4.0,0.0,,32,32,"Altman, Karie","BIOL-101-01;BIOL-101-02;BIOL-101-03;BIOL-101-04;BIOL-101-05;BIOL-101-06",Open
BIO-101-03,FUNDAMENTALS OF BIOLOGY,201,MWF,510,560,4.0,0.0,,32,32,"Messer, Christopher","BIOL-101-01;BIOL-101-02;BIOL-101-03;BIOL-101-04;BIOL-101-05;BIOL-101-06",Open
BIO-106-03,BIOLOGICAL SCIENCE II,201,MWF,690,740,4.0,0.0,,28,28,"Dykstra, Kaitlyn","BIOL-106-01;BIOL-106-02;BIOL-106-03;BIOL-106-04;BIOL-106-05",Open
BIO-106-04,BIOLOGICAL SCIENCE II,201,MWF,630,680,4.0,0.0,,28,28,"Dykstra, Kaitlyn","BIOL-106-01;BIOL-106-02;BIOL-106-03;BIOL-106-04;BIOL-106-05",Open
BIO-112-01,HUMAN ECOLOGY,212,TTH,780,855,3.0,0.0,,16,16,"Altman, Karie",,Open
BIO-112-02,HUMAN ECOLOGY,212,TTH,870,945,3.0,0.0,,16,16,"Altman, Karie",,Open
BIO-212-01,HUMAN ANATOMY & PHYSIOLOGY,G21,TTH,510,585,4.0,0.0,,40,40,"Jodush, Stephen","BIOL-212-01;BIOL-212-02;BIOL-212-03",Open
BIO-292-01,CELL BIOLOGY,306,MWF,630,680,3.0,0.0,,24,24,"Ryan, Sean","BIOL-293-01;BIOL-293-02",Open
BIO-310-01,PLANT BIOLOGY,204,MW,690,740,3.0,0.0,BIO 106,8,8,"Vogel, Kevin",BIOL-310-01,Open
BIO-319-01,RESEARCH PARTICIPATION II,,,,,1.0,0.0,,0,0,"Dykstra, Kaitlyn",,Open
BIO-319-02,RESEARCH PARTICIPATION II,,,,,1.0,0.0,,0,0,"Zhang, Xiao-Ning",,Open
BIO-319-03,RESEARCH PARTICIPATION II,,,,,1.0,0.0,,0,0,"Altman, Karie",,Open
BIO-332-01,PHYSIOL & ANAT OF HUMAN II,212,MWF,570,620,4.0,0.0,,20,20,"Jodush, Stephen",,Open
BIO-350-01,NEUROBIOLOGY,212,TTH,600,675,3.0,0.0,BIO 105 & BIO 106,16,16,"Benington, Joel",BIOL-350-01,Open
BIO-399-01,BIOLOGY SEMINAR,221,T,980,1040,1.0,0.0,BIO 292,6,6,"Zhang, Xiao-Ning",,Open
BIO-419-01,RES. PARTICIPATION IV,,,,,2.0,0.0,,0,0,"Ryan, Sean",,Open
BIO-419-02,RES. PARTICIPATION IV,,,,,2.0,0.0,,0,0,"Zhang, Xiao-Ning",,Open
BIO-419-03,RES. PARTICIPATION IV,,,,,2.0,0.0,,6,6,"Dykstra, Kaitlyn",,Open
BIO-457-01,SENIOR FACULTY COLLOQUIUM,G21,TH,975,1065,0.0,0.0,,25,25,"Altman, Karie",,Open
BIO-460-01,BIOCHEMISTRY SEMINAR,107,MS,690,750,1.0,0.0,,10,10,"Zhang, Xiao-Ning",,Open
BIO-466-01,MOLECULAR BIOLOGY,201,TTH,690,765,4.0,0.0,BIO 371,10,10,"Zhang, Xiao-Ning",BIOL-466-01,Open
BIO-472-01,IMMUNOLOGY,204,TTH,540,590,3.0,0.0,,8,8,"Schwingel, Johanna",BIOL-472-01,Open
BIOL-101-01,FUNDAMENTALS OF BIOLOGY LAB,G01,M,810,980,0.0,0.0,,16,16,"Schwingel, Johanna","BIO-101-01;BIO-101-02;BIO-101-03",Open
BIOL-101-02,FUNDAMENTALS OF BIOLOGY LAB,G01,T,780,950,0.0,0.0,,16,16,"Vogel, Kevin","BIO-101-01;BIO-101-02;BIO-101-03",Open
BIOL-101-03,FUNDAMENTALS OF BIOLOGY LAB,G01,W,810,980,0.0,0.0,,16,16,"Ryan, Sean","BIO-101-01;BIO-101-02;BIO-101-03",Open
BIOL-101-04,FUNDAMENTALS OF BIOLOGY LAB,G01,TH,780,950,0.0,0.0,,16,16,"Schwingel, Johanna","BIO-101-01;BIO-101-02;BIO-101-03",Open
BIOL-101-05,FUNDAMENTALS OF BIOLOGY LAB,G01,M,1050,1220,0.0,0.0,,16,16,"Benington, Joel","BIO-101-01;BIO-101-02;BIO-101-03",Open
BIOL-101-06,FUNDAMENTALS OF BIOLOGY LAB,G01,T,1050,1220,0.0,0.0,,16,16,"Ryan, Sean","BIO-101-01;BIO-101-02;BIO-101-03",Open
BIOL-106-01,BIOLOGICAL SCI II LAB,215,M,810,980,0.0,0.0,,14,14,"Knittel, Romy","BIO-106-03;BIO-106-04",Open
BIOL-106-02,BIOLOGICAL SCI II LAB,215,T,780,950,0.0,0.0,,14,14,"Knittel, Romy","BIO-106-03;BIO-106-04",Open
BIOL-106-03,BIOLOGICAL SCI II LAB,215,W,810,980,0.0,0.0,,14,14,"Knittel, Romy","BIO-106-03;BIO-106-04",Open
BIOL-106-04,BIOLOGICAL SCI II LAB,215,TH,780,950,0.0,0.0,,14,14,"Knittel, Romy","BIO-106-03;BIO-106-04",Open
BIOL-106-05,BIOLOGICAL SCI II LAB,215,F,810,980,0.0,0.0,,0,0,"Knittel, Romy","BIO-106-03;BIO-106-04",Open
BIOL-212-01,HUMAN ANAT. & PHYSIOL. LAB,205,M,810,980,0.0,0.0,,10,10,"Jodush, Stephen",BIO-212-01,Open
BIOL-212-02,HUMAN ANAT. & PHYSIOL. LAB,205,W,810,980,0.0,0.0,,10,10,"Messer, Christopher",BIO-212-01,Open
BIOL-212-03,HUMAN ANAT. & PHYSIOL. LAB,205,F,810,980,0.0,0.0,,10,10,"Messer, Christopher",BIO-212-01,Open
BIOL-293-01,GENETICS/CELL BIO LAB,105,TH,780,950,1.0,0.0,,10,10,"Dykstra, Kaitlyn",BIO-292-01,Open
BIOL-293-02,GENETICS/CELL BIO LAB,105,T,780,950,1.0,0.0,,10,10,"Dykstra, Kaitlyn",BIO-292-01,Open
BIOL-310-01,PLANT BIOLOGY LAB,G03,M,810,980,0.0,0.0,,8,8,"Vogel, Kevin",BIO-310-01,Open
BIOL-332-01,PHYSIO/ANAT OF HUMAN LAB II,205,T,780,950,0.0,0.0,,10,10,"Jodush, Stephen",BIO-332-01,Open
BIOL-332-02,PHYSIO/ANAT OF HUMAN LAB II,205,TH,780,950,0.0,0.0,,10,10,"Jodush, Stephen",BIO-332-01,Open
BIOL-350-01,NEUROBIOLOGY LAB,,,,,0.0,0.0,,16,16,"Benington, Joel",BIO-350-01,Open
BIOL-466-01,MOLECULAR BIO LAB,107,TH,780,950,0.0,0.0,,10,10,"Zhang, Xiao-Ning",BIO-466-01,Open
BIOL-472-01,IMMUNOLOGY LAB,205,W,810,980,0.0,0.0,,8,8,"Schwingel, Johanna",BIO-472-01,Open
BIS-220-01,BUSINESS TECHNOLOGY APPLICATI,104,MWF,570,620,3.0,0.0,,25,25,"Kulsum, Ummee",,Open
BIS-220-02,BUSINESS TECHNOLOGY APPLICATI,104,MWF,630,680,3.0,0.0,,25,25,"Kulsum, Ummee",,Open
BIS-220-03,BUSINESS TECHNOLOGY APPLICATI,104,MWF,690,740,3.0,0.0,,25,25,"Kulsum, Ummee",,Open
BIS-220-04,BUSINESS TECHNOLOGY APPLICATI,104,MWF,810,860,3.0,0.0,,25,25,"Kulsum, Ummee",,Open
BIS-310-01,BUSINESS INFORMATION SYSTEMS,109,MWF,510,560,3.0,0.0,,25,25,"Case, Carl",,Open
BIS-310-02,BUSINESS INFORMATION SYSTEMS,109,MWF,570,620,3.0,0.0,,25,25,"Case, Carl",,Open
BIS-310-03,BUSINESS INFORMATION SYSTEMS,109,MWF,630,680,3.0,0.0,,25,25,"Case, Carl",,Open
BIS-420-01,INFO & DECISION SUPPORT SYS,104,TT,960,1035,3.0,0.0,BIS 310,25,25,"Jahed, Mohammed",,Open
BLX-210-01,BUSINESS LAW I,006,TTH,510,585,3.0,0.0,,24,24,"Smothermon, Charles",,Open
BLX-210-02,BUSINESS LAW I,006,TTH,690,765,3.0,0.0,,24,24,"Smothermon, Charles",,Open
BLX-210-03,BUSINESS LAW I,006,TTH,780,855,3.0,0.0,,24,24,"Smothermon, Charles",,Open
BNS-401-01,BEHAVIORAL NEUROSCIENCE SEMIN,,,,,3.0,0.0,,16,16,"Hager, Audrey",,Open
BONA-101-01,INTRO TO ST. BONAVENTURE,,,,,3.0,0.0,,0,0,"Zawicki, Kathy",,Open
BSM-200-01,SPORTS MGT PRACTICUM I,,,,,1.0,0.0,,25,25,"Kasperski, Michael",,Open
BSM-201-01,SPORT FACILITY & EVENT MGT,,,,,3.0,0.0,,30,30,"Rutkowski, Zachary",,Open
BSM-300-01,SPORTS MGT PRACTICUM II,,,,,1.0,0.0,,25,25,"Kasperski, Michael",,Open
BSM-301-01,SPORTS PROMOTION & SALES MGT,205,MWF,630,680,3.0,0.0,,15,15,"Demiris, Tiffany",,Open
BSM-309-01,SPORTS MARKETING,,TT,510,585,3.0,0.0,MKT 301,30,30,"Kershner, Shaena",,Open
BSM-309-02,SPORTS MARKETING,,TT,600,675,3.0,0.0,MKT 301,30,30,"Kershner, Shaena",,Open
BSM-329-01,INTRO TO SPORTS MANAGEMENT,205,MWF,570,620,3.0,0.0,,20,20,"Demiris, Tiffany",,Open
BSM-329-02,INTRO TO SPORTS MANAGEMENT,205,MWF,690,740,3.0,0.0,,20,20,"Demiris, Tiffany",,Open
BSM-400-01,SPORTS MGT MAJOR INTERNSHIP,,,,,3.0,0.0,,25,25,"Kasperski, Michael",,Open
BSM-401-01,STRATEGIC MGT SPORT ORGANIZ,205,MWF,810,860,3.0,0.0,,15,15,"Pinheiro, Ryan",,Open
BUS-299FE-01,SP TOP:FRANCISCAN ECONOMY,205,W,1080,1240,3.0,0.0,,20,20,"Mahar, James",,Open
CE-500-72L01,RESEARCH METHODS IN EDUC PROF,,,,,3.0,0.0,,20,20,"Hindman, Margaret",,Open
CE-500-72L02,RESEARCH METHODS IN EDUC PROF,,,,,3.0,0.0,,20,20,"Swarts, Gabriel",,Open
CE-500-72L03,RESEARCH METHODS IN EDUC PROF,,,,,3.0,0.0,,20,20,"Staff, ",,Open
CE-501-71L01,COUN EDUC PROGRAM ORIENTATION,,,,,0.0,0.0,,60,60,"Luedke, Ashley",,Open
CE-510-71L01,INTRO PROF. COUNSELING,,,,,3.0,0.0,,20,20,"Scherer, Rebecca",,Open
CE-510-71L02,INTRO PROF. COUNSELING,,,,,3.0,0.0,,20,20,"Scherer, Rebecca",,Open
CE-510-71L03,INTRO PROF. COUNSELING,,,,,3.0,0.0,,20,20,"Mason, Wesley",,Open
CE-511-72L01,ADV HUMAN GROWTH/DEVELOPMNT,,,,,3.0,0.0,,20,20,"Mason, Wesley",,Open
CE-511-72L02,ADV HUMAN GROWTH/DEVELOPMNT,,,,,3.0,0.0,,20,20,"Mason, Wesley",,Open
CE-530-71L01,THEORIES/TECHN OF COUNSELING,,,,,3.0,0.0,,25,25,"Smith, Nathaniel",,Open
CE-530-71L02,THEORIES/TECHN OF COUNSELING,,,,,3.0,0.0,,25,25,"Smith, Nathaniel",,Open
CE-540-72L01,DIAGNOSIS OF PSYCHOPATHOLOGY,,,,,3.0,0.0,,20,20,"Kicior, Nicholas",,Open
CE-540-72L02,DIAGNOSIS OF PSYCHOPATHOLOGY,,,,,3.0,0.0,,20,20,"Kicior, Nicholas",,Open
CE-550-71L01,GROUP COUNSELING,,T,1140,1200,3.0,0.0,,20,20,"Castillo, Jaime",,Open
CE-550-71L02,GROUP COUNSELING,,,,,3.0,0.0,,20,20,"Kicior, Nicholas",,Open
CE-560-71L01,PSYCH TESTING & ASSESSMENT,,,,,3.0,0.0,,20,20,"DeCarlo, Keli",,Open
CE-560-71L02,PSYCH TESTING & ASSESSMENT,,,,,3.0,0.0,,20,20,"DeCarlo, Keli",,Open
CE-570-71L01,CAREER COUNSELING,,,,,3.0,0.0,,20,20,"Luke, Charles",,Open
CE-570-71L02,CAREER COUNSELING,,,,,3.0,0.0,,20,20,"Luke, Charles",,Open
CE-609-71L01,INTRO TO CLINICAL PRACTICE,,,,,0.0,0.0,,60,60,"Smith, Nathaniel",,Open
CE-610-F1L01,PRACTICUM IN COUNSELING,,T,1080,1170,3.0,0.0,,10,10,"Luedke, Ashley",,Open
CE-610-F1L02,PRACTICUM IN COUNSELING,,M,1140,1230,3.0,0.0,,10,10,"Smith, Nathaniel",,Open
CE-610-F1L03,PRACTICUM IN COUNSELING,,TH,1140,1230,3.0,0.0,,10,10,"Mullen, Alyson",,Open
CE-610-F1L04,PRACTICUM IN COUNSELING,,M,1140,1230,3.0,0.0,,10,10,"Mann, Amy",,Open
CE-620A-F1L01,INTERN I:SCH COUNSELING,,W,960,1050,3.0,0.0,,12,12,"Glover, Brittany",,Open
CE-620B-F1L01,INTERN II:SCH COUNSELING,,W,1080,1170,3.0,0.0,,10,10,"Glover, Brittany",,Open
CE-620B-F1L02,INTERN II:SCH COUNSELING,,W,1110,1200,3.0,0.0,,10,10,"Cappy Gruhn, Brenda",,Open
CE-620B-F1L03,INTERN II:SCH COUNSELING,,T,1080,1170,3.0,0.0,,10,10,"Robertson, Adrianne",,Open
CE-625A-F1L01,INTERN I:CMH COUNSEL,,T,990,1080,3.0,0.0,,11,11,"McDonald, Justin",,Open
CE-625A-F1L02,INTERN I:CMH COUNSEL,,T,1110,1200,3.0,0.0,,12,12,"McDonald, Justin",,Open
CE-625B-F1L01,INTERNSHIP II: CMHC,,W,1110,1200,3.0,0.0,,11,11,"Luedke, Ashley",,Open
CE-625B-F1L02,INTERNSHIP II: CMHC,,T,1110,1200,3.0,0.0,,11,11,"Loeffler, David",,Open
CE-628-72L01,FOUNDATIONS OF SCH COUNSELING,,,,,3.0,0.0,,25,25,"Henry, Heidi",,Open
CE-629-72L01,ETHICAL&LEGAL ISS IN SCH COUN,,,,,3.0,0.0,,20,20,"Henry, Heidi",,Open
CE-632-71L01,CHILD & ADOLESCENT COUNSELING,,,,,3.0,0.0,,20,20,"Luke, Charles",,Open
CE-633-71L01,SP TOP IN SCHOOL COUNSELING,,,,,3.0,0.0,,20,20,"Henry, Heidi",,Open
CE-634-72L01,INTRVEN:SCH/CHM COUNS,,,,,3.0,0.0,,25,25,"Payne, Demah",,Open
CE-636-71L01,ETH & LEGAL ISSUES IN CMH COU,,,,,3.0,0.0,,25,25,"Hindman, Margaret",,Open
CE-636-72L01,ETH & LEGAL ISSUES IN CMH COU,,,,,3.0,0.0,,25,25,"Hindman, Margaret",,Open
CE-637-72L01,MGMT CMH COUNSEL PROGRAMS,,,,,3.0,0.0,,25,25,"Payne, Demah",,Open
CE-638-72L01,MULTICULT.COUNSEL,,,,,3.0,0.0,,25,25,"Castillo, Jaime",,Open
CE-638-72L02,MULTICULT.COUNSEL,,,,,3.0,0.0,,25,25,"Loeffler, David",,Open
CE-642-71L01,INTRO TO CRISIS COUNSELING,,,,,3.0,0.0,,25,25,"Mullen, Alyson",,Open
CE-649-72L01,FAMILY & COUPLES COUNS.,,,,,3.0,0.0,,25,25,"DeCarlo, Keli",,Open
CE-650-72L01,SCH/COUNS & SP/EDUCATION,,,,,3.0,0.0,,20,20,"Payne, Demah",,Open
CE-COMP-F1L01,WRITTEN COMPREHENSIVES,,,,,0.0,0.0,,20,20,"Luedke, Ashley",,Open
CE-COMP-F1L03,WRITTEN COMPREHENSIVES,,,,,0.0,0.0,,20,20,"Henry, Heidi",,Open
CE-COMP-F1L04,WRITTEN COMPREHENSIVES,,,,,0.0,0.0,,20,20,"Payne, Demah",,Open
CE-COMP-F1L05,WRITTEN COMPREHENSIVES,,,,,0.0,0.0,,20,20,"Hindman, Margaret",,Open
CE-COMP-F1L06,WRITTEN COMPREHENSIVES,,,,,0.0,0.0,,20,20,"Mason, Wesley",,Open
CE-COMP-F1L07,WRITTEN COMPREHENSIVES,,,,,0.0,0.0,,20,20,"Luke, Charles",,Open
CE-COMP-F1L08,WRITTEN COMPREHENSIVES,,,,,0.0,0.0,,20,20,"Smith, Nathaniel",,Open
CHEM-102-01,GENERAL CHEMISTRY II,G21,MWF,510,560,3.0,0.0,CHEM 101,35,35,"Schneider, Patrick","CHEML-102-01;CHEML-102-02;CHEML-102-03;CHEML-102-04",Open
CHEM-102-02,GENERAL CHEMISTRY II,G21,MWF,570,620,3.0,0.0,CHEM 101,35,35,"Santos, Alyssa","CHEML-102-01;CHEML-102-02;CHEML-102-03;CHEML-102-04",Open
CHEM-302-01,ORGANIC CHEMISTRY II,306,MWF,570,620,3.0,0.0,CHEM 301,36,36,"Ogawa, Motokatsu","CHML-302-01;CHML-302-03",Open
CHEM-402-01,PHYSICAL CHEMISTRY II,316,MWF,630,680,3.0,0.0,CHEM 401,18,18,"Simpson, Scott",CHML-402-01,Open
CHEM-427-01,SEMINAR IN CHEMISTRY,306,FM,870,920,0.0,0.0,SENIOR STANDING,10,10,"Rupprecht, Alexander",,Open
CHEM-441-01,ADVANCED INORGANIC CHEMISTRY,306,TTH,600,675,3.0,0.0,CHEM 302 & CHML 302,18,18,"Ogawa, Motokatsu",,Open
CHEM-470-01,MECHANISMS IN BIOLOGICAL SYSTM,316,MWF,570,620,3.0,0.0,CHEM-302,18,18,"Rupprecht, Alexander",,Open
CHEM-498-03,UNDERGRADUATE RESEARCH,,,,,1.0,3.0,SOPHOMORE STANDING INSTRUCTOR CONSENT REQUIRED,4,4,"Simpson, Scott",,Open
CHML-102-01,GEN CHEM II LAB,G08,M,810,1050,1.0,0.0,,16,16,"Rupprecht, Alexander","CHEM-102-01;CHEM-102-02",Open
CHML-102-02,GEN CHEM II LAB,G08,T,780,1020,1.0,0.0,,16,16,"Santos, Alyssa","CHEM-102-01;CHEM-102-02",Open
CHML-102-03,GEN CHEM II LAB,G08,W,810,1050,1.0,0.0,,16,16,"Schneider, Patrick","CHEM-102-01;CHEM-102-02",Open
CHML-102-04,GEN CHEM II LAB,G08,TH,780,1020,1.0,0.0,,16,16,"Schneider, Patrick","CHEM-102-01;CHEM-102-02",Open
CHML-302-01,ORGANIC CHEM II LAB,G10,M,810,1050,1.0,0.0,,12,12,"Ogawa, Motokatsu",CHEM-302-01,Open
CHML-302-03,ORGANIC CHEM II LAB,G10,W,810,1050,1.0,0.0,,12,12,"Rupprecht, Alexander",CHEM-302-01,Open
CHML-402-01,PHYSICAL CHEM II LAB,304,TH,780,1020,1.0,0.0,,14,14,"Simpson, Scott",CHEM-402-01,Open
COM-102-01,EFFECTIVE SPEAKING & PRESENTA,104,TTH,780,855,3.0,0.0,,15,15,"Sackett, Scott",,Open
COM-500-71L01,FIND YOUR VOICE: INTRO TO MC,,,,,3.0,0.0,,20,20,"Harris, Heather",,Open
COM-520-71L01,EMBRACING RESEARCH: MARKETING,,,,,3.0,0.0,,20,20,"Hoffmann, Pauline",,Open
COM-555-72L01,MASTERING THE RESEARCH: FIEL,,,,,1.0,0.0,,20,20,"LaDelfa, Gina",,Open
COM-580-72L01,EMBRACING THE AUDIENCE,,,,,3.0,0.0,,20,20,"Harris, Heather",,Open
COM-590-71L01,EMBRACING STRATEGIC THINKING,,,,,3.0,0.0,,20,20,"DeSimone, Kimberly",,Open
COM-620-72L01,INTEGRATING CREATIVE: STRATE,,,,,3.0,0.0,,20,20,"Lee, Jeremiah",,Open
COM-640-71L01,"INTEGRATING DIGITAL MEDIA, MO",,,,,3.0,0.0,,20,20,"Weinheimer, Megan",,Open
CRM-101-01,INTRO TO CRIMINOLOGY,014,MWF,570,620,3.0,0.0,,25,25,"Dombek, Andrew",,Open
CRM-101-02,INTRO TO CRIMINOLOGY,005,TTH,510,585,3.0,0.0,,25,25,"Dombek, Andrew",,Open
CRM-209-01,CRIMINOLOGICAL THEORY,307,TTH,870,945,3.0,0.0,,25,25,"Gavin, Samantha",,Open
CRM-220-01,VICTIMOLOGY,,,,,3.0,0.0,,25,25,"Gavin, Samantha",,Open
CRM-409-01,COMMUNITY POLICING,008,MWF,690,740,3.0,0.0,,15,15,"Elenchin, William",,Open
CRM-420A-01,SP TOP: SERIAL KILLERS,307,TTH,780,855,3.0,0.0,,25,25,"Gavin, Samantha",,Open
CRM-420L-01,SP TOP: GANGS IN AMERICA,014,MWF,810,860,3.0,0.0,,15,15,"Elenchin, William",,Open
CRM-420M-01,SP TOP: INTRO TO CORRECTIONS,014,MWF,510,560,3.0,0.0,,25,25,"Dombek, Andrew",,Open
CS-131-01,OBJECT ORIENTED PROGRAMMING,LAB,TTH,510,585,4.0,0.0,,25,25,"Schultz, Peter",CSL-131-01,Open
CS-132-01,ALGORITHMS & DATA STRUCTURES,203,MWF,930,980,4.0,0.0,CS 131,18,18,"Smith, Alexander",CSL-132-01,Open
CS-243-01,DATABASE AND BIG DATA,203,TTH,690,765,3.0,0.0,,16,16,"Sayed Sakkaff, Zahmeeth",CSL-243-01,Open
CS-254-01,COMPUTER NETWORKS,203,MWF,630,680,4.0,0.0,CS 132,20,20,"Bopp, Christopher",CSL-254-01,Open
CS-258-01,MACHINE LEARNING,104,TTH,600,675,3.0,0.0,,16,16,"Sayed Sakkaff, Zahmeeth",CSL-258-01,Open
CS-390-01,SOFTWARE ENGINEERING,103,MWF,690,740,3.0,0.0,,20,20,"Bopp, Christopher",CSL-390-01,Open
CS-402-01,RESEARCH PRESENTATION,103,T,810,860,1.0,0.0,,20,20,"Bopp, Christopher",,Open
CS-491-01,INTERNSHIP IN COMPUTER SCI.,,,,,1.0,3.0,,10,10,"Bopp, Christopher",,Open
CS-492-55,IND.STUDY IN COMP.SCIENCE,,,,,1.0,3.0,,0,0,"Bopp, Christopher",,Open
CSL-131-01,OBJECT ORIENTED PROGRAM LAB,LAB,M,810,930,0.0,0.0,,15,15,"Schultz, Peter",CS-131-01,Open
CSL-132-01,ALGORITHMS & DATA STRUCT LAB,104,W,990,1110,0.0,0.0,,18,18,"Smith, Alexander",CS-132-01,Open
CSL-243-01,DATABASE AND BIG DATA LAB,101,T,930,1050,1.0,0.0,,16,16,"Sayed Sakkaff, Zahmeeth",CS-243-01,Open
CSL-254-01,COMPUTER NETWORKS LAB,101,W,930,1050,0.0,0.0,,16,16,"Bopp, Christopher",CS-254-01,Open
CSL-254-55,COMPUTER NETWORKS LAB,,,,,0.0,0.0,,0,0,"Bopp, Christopher",CS-254-01,Open
CSL-258-01,MACHINE LEARNING LAB,101,TH,930,1050,1.0,0.0,,16,16,"Sayed Sakkaff, Zahmeeth",CS-258-01,Open
CSL-390-01,SOFTWARE ENGINEERING LAB,103,M,930,1050,0.0,0.0,,20,20,"Bopp, Christopher",CS-390-01,Open
CULT-102-01,ROMAN CIVILIZATION,005,TTH,600,675,3.0,0.0,,30,30,"Caliva Smart, Kathryn",,Open
CULT-102-02,ROMAN CIVILIZATION,005,TTH,780,855,3.0,0.0,,30,30,"Caliva Smart, Kathryn",,Open
CYB-202-01,CYBERSECURITY ETHICS,203,TTH,870,945,3.0,0.0,,20,20,"Foerst, Anne",,Open
CYB-354-01,INTRO TO NETWORK SECTURITY,101,MWF,570,620,3.0,0.0,,16,16,"Kellogg, Brian",CYBL-354-01,Open
CYB-411-01,INTRO TO PENETRATION TESTING,101,TTH,600,675,3.0,0.0,,16,16,"Kellogg, Brian",CYBL-411-01,Open
CYB-491-01,INTERNSHIP IN CYBERSECURITY,,,,,1.0,3.0,,25,25,"Kellogg, Brian",,Open
CYB-501-72L01,SYSTEM ANALYSIS & INSTRUMENT,,,,,3.0,0.0,,20,20,"Kellogg, Brian",,Open
CYB-512-71L01,ENTERPRISE NETWORKS,,,,,3.0,0.0,,20,20,"O'Connell, Mark",,Open
CYB-515-71L01,ENTERPRISE SECURITY,,,,,3.0,0.0,,15,15,"Kellogg, Brian",,Open
CYB-516-72L01,ADVANCED CYBERSECURITY THREAT,,,,,3.0,0.0,,20,20,"Ghotbi, Pouya",,Open
CYB-518-71L01,ENTERPRISE RISK MANAGEMENT,,,,,3.0,0.0,,20,20,"O'Connell, Mark",,Open
CYB-526-72L01,MACHINE LEARNING IN CYB,,,,,3.0,0.0,,20,20,"Amanzadeh, Mohammad",,Open
CYBL-354-01,INTRO TO NETWORK SECURITY LAB,101,T,810,930,1.0,0.0,,16,16,"Kellogg, Brian",CYB-354-01,Open
CYBL-354-55,INTRO TO NETWORK SECURITY LAB,,,,,1.0,0.0,,0,0,"Kellogg, Brian",CYB-354-01,Open
CYBL-411-01,INTRO TO PENETRATION TEST LAB,101,TH,810,929,1.0,0.0,,16,16,"Kellogg, Brian",CYB-411-01,Open
CYBL-411-55,INTRO TO PENETRATION TEST LAB,,,,,1.0,0.0,,0,0,"Kellogg, Brian",CYB-411-01,Open
ECED-240-01,FOUND EARLY CHILDHOOD EDUC,LWRSEMRM,TTH,870,945,3.0,0.0,,25,25,"Andrews, Kathryn",,Open
ECED-420-01,CURR/ASSMT EARLY CHILDHD EDUC,LWRSEMRM,TTH,780,855,3.0,0.0,,25,25,"Andrews, Kathryn",,Open
ECO-101-01,MICROECONOMIC PRINCIPLES,G21,MWF,630,680,3.0,0.0,,48,48,"Wilson, David",,Open
ECO-101-02,MICROECONOMIC PRINCIPLES,G21,MWF,690,740,3.0,0.0,,75,75,"Wilson, David",,Open
ECO-102-01,MACROECONOMIC PRINCIPLES,209,MWF,690,740,3.0,0.0,,48,48,"Posmanick, Benjamin",,Open
ECO-102-02,MACROECONOMIC PRINCIPLES,209,MWF,810,860,3.0,0.0,,48,48,"Posmanick, Benjamin",,Open
ECO-102-03,MACROECONOMIC PRINCIPLES,209,MWF,570,620,3.0,0.0,,40,40,"Posmanick, Benjamin",,Open
ECO-308-01,ENVIRONMENTAL ECONOMICS,209,MWF,630,680,3.0,0.0,,20,20,"Posmanick, Benjamin",,Open
ECO-313-01,INTERMEDIATE MICROECONOMICS,203,MWF,810,860,3.0,0.0,"ECO 101, AND (MATH 122 OR MATH 151)",25,25,"Wilson, David",,Open
ECO-313-55,INTERMEDIATE MICROECONOMICS,,,,,3.0,0.0,"ECO 101, AND (MATH 122 OR MATH 151)",30,30,"Wilson, David",,Open
ECO-490-55,ECONOMICS SEMINAR,,,,,3.0,0.0,,0,0,"Posmanick, Benjamin",,Open
ED/ECED-490-01,STD TCH ELEM/EARLY CHILDHOOD,,MTW,480,719,5.0,0.0,,25,25,"Morris, Jon",,Open
ED/SPED-491-01,ELEM/SPED STUDENT TCH:INTERM,,MTW,720,960,5.0,0.0,,25,25,"Morris, Jon",,Open
EDL-522-F1L01,SCH/COMM RELATIONSHIPS,,S,870,1020,3.0,0.0,,20,20,"Bovino, Stephen",,Open
EDL-599C-F1L01,INTERNSHIP/PRACTI SUPERVISION,,,,,0.0,0.0,,18,18,"Bynoe, Tyrone",,Open
EDL-620-F1L01,THE SUPERINTENDENCY,,S,690,840,3.0,0.0,EDL-515,18,18,"Morris, Genelle",,Open
EDL-698A-F1L01,SCH DISTR LDR PRACTICUM,,,,,1.0,0.0,,18,18,"Bodziak, James",,Open
EDL-698B-F1L01,SCH DISTR LDR INTERNSHP,,,,,2.0,0.0,,18,18,"Bodziak, James",,Open
EDL-698C-F1L01,INTERNSHIP/PRACTICUM SUPERVIS,,,,,0.0,0.0,,18,18,"Bodziak, James",,Open
EDUC-099A-WKSP1,SAFE SCHOOLS WORKSHOP 2/13,007,T,1110,1230,0.0,0.0,,20,20,"Morris, Jon",,Open
EDUC-099A-WKSP2,SAFE SCHOOLS WORKSHOP 3/5,121,T,1110,1230,0.0,0.0,,20,20,"Morris, Jon",,Open
EDUC-099B-WKSP1,CHILD ABUSE PREVENTION 2/8,007,TH,1050,1170,0.0,0.0,UG ONLY,20,20,"Ball, Melissa",,Open
EDUC-099B-WKSP2,CHILD ABUSE PREVENTION 3/14,124,TH,1050,1170,0.0,0.0,UG ONLY,20,20,"Ball, Melissa",,Open
EDUC-099D-WKSP1,CULTURAL DIVERSITY WKSP 2/21,,W,1080,1200,0.0,0.0,,20,20,"Schrems, Tracy",,Open
EDUC-099D-WKSP2,CULTURAL DIVERSITY WKSP 3/13,,W,1080,1200,0.0,0.0,,40,40,"Schrems, Tracy",,Open
EDUC-099F-WKSP1,ANTI-BULLYING WORKSHOP 3/16,007,S,540,720,0.0,0.0,,20,20,"Robinson, Jill",,Open
EDUC-099F-WKSP2,ANTI-BULLYING WORKSHOP 4/27,121,S,540,720,0.0,0.0,,20,20,"Robinson, Jill",,Open
EDUC-101-01,SOC FND OF AMERICAN EDUCATION,106,MWF,630,680,3.0,0.0,,25,25,"Dombek, Donna",,Open
EDUC-101-02,SOC FND OF AMERICAN EDUCATION,014,MW,870,945,3.0,0.0,,25,25,"Dombek, Donna",,Open
EDUC-210-01,HUMAN DEV & LEARNING,014,TTH,690,765,3.0,0.0,,25,25,"Brown, Adam",,Open
EDUC-210-02,HUMAN DEV & LEARNING,014,TTH,780,855,3.0,0.0,,25,25,"Brown, Adam",,Open
EDUC-212-01,INTERMEDIATE SIGN LANGUAGE,009,M,1020,1170,3.0,0.0,,15,15,"Reisner, Angela",,Open
EDUC-212-02,INTERMEDIATE SIGN LANGUAGE,009,T,1020,1170,3.0,0.0,,15,15,"Reisner, Angela",,Open
EDUC-214-01,HONORS HUMAN DEV & LEARNING,011,TTH,600,675,3.0,0.0,HONORS STUDENTS ONLY ,15,15,"Brown, Adam",,Open
EDUC-250-01,ADOLESCENT DEV & LEARNING,013,MWF,570,620,3.0,0.0,,30,30,"Schrems, Tracy",,Open
EDUC-270-01,ENGLISH LANG LEARNERS K-12,307,MWF,510,560,3.0,0.0,EDUC 201 & EDUC 210,25,25,"Fisher, Anne-Claire",,Open
EDUC-304-01,"METHODS,MODELS,& MANAGEMENT",124,MW,750,825,3.0,0.0,"EDUC 201, EDUC 210,  EDUC 220 & SPED 230",20,20,"Hunt, Christine",,Open
EDUC-310-01,M/M:TCH ELEM SS & LANG ARTS,124,MW,840,915,3.0,0.0,"EDUC 201, EDUC 210, EDUC 220 & SPED 230",20,20,"Hunt, Christine",,Open
EDUC-312X-01,DEVELOPMENTAL READING,124,MW,915,989,3.0,0.0,"EDUC 201, EDUC 210, EDUC 220 & SPED 230",20,20,"Hunt, Christine",,Open
EDUC-401-01,DIAG/PRESCRIPTIVE READING,124,TTH,750,825,3.0,0.0,EDUC 304,20,20,"Dombek, Donna",,Open
EDUC-425-01,ORGANIS/ASSESSMT ELEM CLASSRM,124,TT,840,915,3.0,0.0,EDUC 304,20,20,"Dombek, Donna",,Open
EDUC-430-01,M/M OF TEACHING ELEM STEAM,124,TTH,915,990,3.0,0.0,,20,20,"Dombek, Donna",,Open
EDUC-432-55,INDEPENDENT STUDY/RESRCH ASST,,,,,1.0,3.0,INSTRUCTOR CONSENT REQUIRED,0,0,"Brown, Adam",,Open
EDUC-432-56,INDEPENDENT STUDY/RESRCH ASST,,,,,1.0,3.0,INSTRUCTOR CONSENT REQUIRED,0,0,"Hauser, Rene",,Open
EDUC-490-01,ELEM STUDENT TEACHING:PRIMARY ,,MTW,480,719,5.0,0.0,,25,25,"Morris, Jon",,Open
EDUC-491-01,ELEM STUD TEACH:INTERMEDIATE,,MTW,720,960,5.0,0.0,,25,25,"Morris, Jon",,Open
EDUC-499-01,"SR SEM:CUR ISS, ASSESS & REFL",,M,990,1140,3.0,0.0,,25,25,"Andrews, Kathryn",,Open
EDUC-499-02,"SR SEM:CUR ISS, ASSESS & REFL",,,,,3.0,0.0,,25,25,"Schrems, Tracy",,Open
EDUC-500-F1L01,RESEARCH METHODS IN EDUC PROF,,,,,3.0,0.0,,20,20,"Andrews, Kathryn",,Open
EDUC-505-71L01,TECH FOR EDUC PROFESSIONALS,,,,,3.0,0.0,,20,20,"Straus, Aaron",,Open
EDUC-599A-WKSP1,SAFE SCHOOLS WKSP 4/16,,T,1110,1230,0.0,0.0,,20,20,"Morris, Jon",,Open
EDUC-599B-WKSP1,CHILD ABUSE PREV 4/11,,TH,1050,1170,0.0,0.0,,20,20,"Ball, Melissa",,Open
EDUC-599D-WKSP1,CULT DIVER WKSP 2/21,G21,W,1080,1200,0.0,0.0,,20,20,"Schrems, Tracy",,Open
EDUC-599J-WKSP1,ANTI-BULLYING WORKSHOP 2/17,,S,540,720,0.0,0.0,,20,20,"Robinson, Jill",,Open
EDUC-615-F1L01,USING DATA FOR SCH/IMPROV.,,S,510,660,3.0,0.0,,20,20,"Bynoe, Tyrone",,Open
ENG-101-01,WRITING I,009,TTH,510,585,3.0,0.0,,20,20,"Sullivan, Sara",,Open
ENG-101-02,WRITING I,009,TTH,600,675,3.0,0.0,,20,20,"Sullivan, Sara",,Open
ENG-101-03,WRITING I,009,TTH,690,765,3.0,0.0,,20,20,"Sullivan, Sara",,Open
ENG-101-04,WRITING I,204,TTH,690,765,3.0,0.0,,20,20,"King, Matt",,Open
ENG-101-05,WRITING I,009,TTH,780,855,3.0,0.0,,20,20,"Sullivan, Sara",,Open
ENG-101-06,WRITING I,204,TTH,780,855,3.0,0.0,,20,20,"King, Matt",,Open
ENG-101-07,WRITING I,007,TTH,870,945,3.0,0.0,,20,20,"Gilliland, Donald",,Open
ENG-102-01,WRITING II,103,MWF,510,560,3.0,0.0,,20,20,"Smith, Caitlin",,Open
ENG-102-02,WRITING II,103,MWF,570,620,3.0,0.0,,20,20,"Smith, Caitlin",,Open
ENG-102-03,WRITING II,010,MWF,570,620,3.0,0.0,,20,20,"Mulryan, Sandra",,Open
ENG-102-04,WRITING II,010,MWF,630,680,3.0,0.0,,20,20,"Mulryan, Sandra",,Open
ENG-102-05,WRITING II,105,MWF,690,740,3.0,0.0,,20,20,"Colton, Adam",,Open
ENG-102-06,WRITING II,007,TTH,510,585,3.0,0.0,,20,20,"Ellis, Daniel",,Open
ENG-102-07,WRITING II,007,TTH,600,675,3.0,0.0,,20,20,"Bussman, Jason",,Open
ENG-102-08,WRITING II,007,TTH,690,765,3.0,0.0,,20,20,"Bussman, Jason",,Open
ENG-102-09,WRITING II,117,TTH,690,765,3.0,0.0,,20,20,"Ellis, Daniel",,Open
ENG-102-10,WRITING II,007,TTH,780,855,3.0,0.0,,20,20,"Bussman, Jason",,Open
ENG-102-11,WRITING II,201,TTH,870,945,3.0,0.0,,20,20,"Harris, Kaplan",,Open
ENG-102-12,WRITING II,106,TTH,870,945,3.0,0.0,,20,20,"Hall, Joseph",,Open
ENG-102-13,WRITING II,106,TT,960,1035,3.0,0.0,,20,20,"Hall, Joseph",,Open
ENG-102-14,WRITING II,014,MW,1050,1125,3.0,0.0,,20,20,"Colton, Adam",,Open
ENG-102-15,WRITING II,307,TT,1050,1125,3.0,0.0,,20,20,"Heaney, Brendan",,Open
ENG-102-16,WRITING II,307,TT,1140,1215,3.0,0.0,,20,20,"Heaney, Brendan",,Open
ENG-204-01,ENGLISH LITERATURE II,307,MW,870,945,3.0,0.0,,25,25,"Matz, Lauren",,Open
ENG-213-01,POPULAR LIT.,007,MWF,810,860,3.0,0.0,,20,20,"Smith, Caitlin",,Open
ENG-213-02,POPULAR LIT.,007,MWF,870,920,3.0,0.0,,20,20,"Smith, Caitlin",,Open
ENG-221-01,AMERICAN LITERATURE II,010,TTH,510,585,3.0,0.0,,25,25,"Harris, Kaplan",,Open
ENG-221-02,AMERICAN LITERATURE II,010,TTH,600,675,3.0,0.0,,25,25,"Harris, Kaplan",,Open
ENG-250-01,ADV ORAL & WRITTEN COMM.,014,MW,960,1035,3.0,0.0,CLAR 111,16,16,"King, Matt",,Open
ENG-260-01,PROFESSIONAL COMMUNICATION,102,TTH,780,855,3.0,0.0,CLAR-111,16,16,"Smyczek, Jeremy",,Open
ENG-260-02,PROFESSIONAL COMMUNICATION,102,TTH,870,945,3.0,0.0,CLAR-111,16,16,"Smyczek, Jeremy",,Open
ENG-275-01,RHETORICAL CRITICISM & THEORY,102,TT,960,1035,3.0,0.0,,16,16,"Smyczek, Jeremy",,Open
ENG-328-55,SMALL PRESS PUBLISHING & EDIT,,,,,3.0,0.0,,0,0,"Harris, Kaplan",,Open
ENG-329-01,BOOK HISTORY,104,MWF,690,740,3.0,0.0,,16,16,"Matz, Lauren",,Open
ENG-350-01,CREATIVE WRITING:NARRATIVE II,121,TTH,600,675,3.0,0.0,,16,16,"Hall, Joseph",,Open
ENG-351-01,CREATIVE WRITING: POETRY II,121,TTH,690,765,3.0,0.0,,16,16,"Hall, Joseph",,Open
ENG-380-01,WORLD LITERATURE,201,TTH,780,855,3.0,0.0,,25,25,"Harris, Kaplan",,Open
ENG-423-01,SHAKESPEARE I,005,TTH,870,945,3.0,0.0,,25,25,"Ellis, Daniel",,Open
ENG-491-01,ENGLISH INTERNSHIP,,,,,1.0,3.0,,20,20,"Smyczek, Jeremy",,Open
ENG-498A-01,SENIOR PORTFOLIO,,,,,0.0,0.0,,20,20,"King, Matt",,Open
ENG-COMPS-UG,COMPREHENSIVES UG,,,,,0.0,0.0,,20,20,"Matz, Lauren",,Open
ENV-242FE-01,SP TOP:FILM & THE ENVIRONMENT,123,M,1080,1260,3.0,0.0,,16,16,"Vogel, Kevin",,Open
ENV-320-01,ENVIRONMENTAL LAW & POLICY,212,TT,1050,1125,3.0,0.0,,16,16,"Abraham, Gary",,Open
ENV-401A-01,SENIOR CAPSTONE PROJECT,316,W,960,1020,1.0,0.0,,8,8,"Altman, Karie",,Open
FIN-210-01,MONEY MANAGEMENT SEMINAR,101,MW,960,1035,1.0,0.0,,20,20,"Mahar, James",,Open
FIN-301-01,CORPORATION FICE,101,TTH,510,585,3.0,0.0,"ECO 101, ACCT 201 & QMX 211",30,30,"Amira, Khaled",,Open
FIN-301-02,CORPORATION FICE,101,TTH,600,675,3.0,0.0,"ECO 101, ACCT 201 & QMX 211",30,30,"Amira, Khaled",,Open
FIN-301-03,CORPORATION FICE,101,TTH,690,765,3.0,0.0,"ECO 101, ACCT 201 & QMX 211",30,30,"Amira, Khaled",,Open
FIN-322-01,FICIAL INST. & MARKETS,101,MWF,690,740,3.0,0.0,FIN 321,30,30,"Tripathi, Janhavi Shankar",,Open
FIN-322-02,FICIAL INST. & MARKETS,101,MWF,810,860,3.0,0.0,FIN 321,30,30,"Tripathi, Janhavi Shankar",,Open
FIN-402-01,PROBLEMS IN FICE,109,MW,870,945,3.0,0.0,FIN 401,48,48,"Mahar, James",,Open
FIN-402-55,PROBLEMS IN FICE,,,,,3.0,0.0,FIN 401,35,35,"Mahar, James",,Open
FIN-410-01,STUDENT INVESTMENT FUND,101,MW,960,1035,3.0,0.0,FIN 301,20,20,"Mahar, James",,Open
FIN-420-01,STUDENT INVESTMENT FUND II,101,MW,960,1035,3.0,0.0,FIN 410 ,20,20,"Mahar, James",,Open
FIN-421-01,INVESTMENTS,209,TTH,600,675,3.0,0.0,FIN 301,25,25,"Gallagher, Michael",,Open
FIN-421-02,INVESTMENTS,209,TTH,690,765,3.0,0.0,FIN 301,25,25,"Gallagher, Michael",,Open
FIN-499L-71H01,GLOBAL BUS TRAVEL SEM LONDON,,,,,3.0,0.0,,15,15,"Amira, Khaled",,Open
FREN-102-01,ELEM. FRENCH II,009,MWF,510,560,3.0,0.0,FREN 101,22,22,"Imhoff, Guy",,Open
FREN-202-01,INTERMED FRENCH II,201,TTH,780,855,3.0,0.0,FREN 201,25,25,"Imhoff, Guy",,Open
FREN-202-55,INTERMED FRENCH II,,,,,3.0,0.0,FREN 201,0,0,"Imhoff, Guy",,Open
FRES-101-01,ENCOURAGING ACADEMIC SUCCESS,121,W,810,860,0.0,0.0,,0,0,"Oberholzer, Zanre",,Open
FRES-101-02,ENCOURAGING ACADEMIC SUCCESS,121,W,870,920,0.0,0.0,,0,0,"Oberholzer, Zanre",,Open
HEOP-SS04-01,SEMINAR (0 CRED EQ),013,W,750,800,0.0,0.0,,0,0,"Eddy, Brooke",,Open
HIST-102-01,EUROPE SINCE 1815,005,MWF,570,620,3.0,0.0,,30,30,"Henning, Lori",,Open
HIST-102-02,EUROPE SINCE 1815,014,MWF,690,740,3.0,0.0,,30,30,"Henning, Lori",,Open
HIST-202-01,U.S. HISTORY SINCE 1865,005,MWF,630,680,3.0,0.0,,30,30,"Pitt, Steven",,Open
HIST-202-02,U.S. HISTORY SINCE 1865,005,MWF,690,740,3.0,0.0,,30,30,"Pitt, Steven",,Open
HIST-202-03,U.S. HISTORY SINCE 1865,201,MWF,630,680,3.0,0.0,,30,30,"Payne, Phillip",,Open
HIST-251-01,WORLD HISTORY SINCE 1450,013,MWF,810,860,3.0,0.0,,30,30,"Dalton, William",,Open
HIST-251-02,WORLD HISTORY SINCE 1450,201,MWF,690,740,3.0,0.0,,30,30,"Dalton, William",,Open
HIST-327-01,FRENCH REVOLUTION/NAPOLEON,306,TTH,870,945,3.0,0.0,INTENSIVE COURSE HISTORY MAJORS ONLY,20,20,"Henning, Lori",,Open
HIST-394C-01,WOMEN IN EAST ASIA,013,MWF,630,680,3.0,0.0,,10,10,"Dalton, William",,Open
HIST-394W-01,SP TOP:HISTORY THROUGH FILM,011,WM,870,1020,3.0,0.0,,11,11,"Dalton, William",,Open
HIST-419-01,DIGITAL HIST & ARCHIVAL PRAC,LAB,MWF,690,740,3.0,0.0,,20,20,"Payne, Phillip",,Open
HIST-450-01,PIRACY DURING THE AGE OF SAIL,LWRSEMRM,MW,870,945,3.0,0.0,,20,20,"Pitt, Steven",,Open
HIST-492A-01,VIETNAM (AHRP),219,T,990,1140,3.0,0.0,,20,20,"Henning, Lori",,Open
HIST-494S-01, EMPIRES IN WORLD HISTORY,008,MWF,810,860,3.0,0.0,,20,20,"Pitt, Steven",,Open
HON-102-01,FRESHMAN HONORS SEMINAR II,G21,TH,1170,1230,0.0,0.0,,150,150,"Simpson, Scott",,Open
HON-299AA-01,"BODY IN SCIENCE, THEO & CULT",020,TT,990,1065,3.0,0.0,,15,15,"Foerst, Anne",,Open
HON-299E-01,SP TOP: PSYCHOPATH/CINEMA,123,T,1080,1230,3.0,0.0,,14,14,"Vogel, Stephanie",,Open
HON-299P-01,MEDIA & PUBLIC OPINION,014,TT,1080,1155,3.0,0.0,,15,15,"Gross, Benjamin",,Open
HON-300-01,HONORS EXPERIENCE,,,,,0.0,0.0,,15,15,"Simpson, Scott",,Open
HON-498-01,HP -- HONORS PROJECT,,,,,1.0,3.0,,15,15,"Simpson, Scott",,Open
HON-499-01,HONORS PROJECT,,,,,2.0,0.0,,15,15,"Simpson, Scott",,Open
HS-102-01,MEDICAL TERMINOLOGY,,,,,1.0,0.0,,30,30,"Thomas, Monica",,Open
HS-107-01,Health-Related Fit/Wellness,106,TTH,600,675,3.0,0.0,,30,30,"Mills, Makennah",,Open
HS-107-02,Health-Related Fit/Wellness,106,TTH,690,765,3.0,0.0,,30,30,"Thomas, Monica",,Open
HS-201-01,RESEARCH METHODS IN HEALTH,106,MWF,630,680,3.0,0.0,,30,30,"Allen, Jeffrey",,Open
HS-201-55,RESEARCH METHODS IN HEALTH,,,,,3.0,0.0,,0,0,"Allen, Jeffrey",,Open
HS-314-01,EXERCISE PHYSIOLOGY,002,TTH,690,765,3.0,0.0,BIO 211 & BIO 212,30,30,"Fiske, Darryn",,Open
HS-401-01,SEMINAR: CURRENT TOPICS IN HS,106,MWF,510,560,3.0,0.0,,30,30,"Richards, Stephanie",,Open
HS-413-01,INTERNSHIP,,,,,3.0,0.0,Junior/Senior Status ,0,0,"Allen, Jeffrey",,Open
HSOC-401-01,HEALTH & SOCIETY SEMINAR,221,MWF,630,680,3.0,0.0,,14,14,"Benington, Joel",,Open
IMP-201-01,EXPLORING INTRDIS ACROSS SBU,020,TT,1080,1155,3.0,0.0,,15,15,"Foerst, Anne",,Open
IMP-401-01,IM SENIOR CAPSTONE PROJECT,,,,,3.0,0.0,,0,0,"Foerst, Anne",,Open
IS-350-01,WORLD CINEMA,011,WM,870,1020,3.0,0.0,,9,9,"Dalton, William",,Open
IS-491-01,SENIOR THESIS,,,,,3.0,0.0,,10,10,"Kubal, Mary Rose",,Open
ITAL-102-01,ELEM. ITALIAN II,103,MWF,630,680,3.0,0.0,ITAL 101,20,20,"Cellini, Alva",,Open
ITAL-202-01,INTERMED ITALIAN II,103,MWF,690,740,3.0,0.0,ITAL 201,15,15,"Cellini, Alva",,Open
JMC-101-01,COMMUNICATION TODAY,105,MWF,630,680,3.0,0.0,,30,30,"McNall, Carole",,Open
JMC-110-01,PROFESSIONAL WRITING I,106,TT,510,585,3.0,0.0,,15,15,"Mackowski, Christopher",,Open
JMC-110-55,PROFESSIONAL WRITING I,,,,,3.0,0.0,,0,0,"Lee, Anne",,Open
JMC-111-01,PROFESSIONAL WRITING II,106,TT,600,675,3.0,0.0,JMC-110,15,15,"Mackowski, Christopher",,Open
JMC-111-02,PROFESSIONAL WRITING II,103,TTH,780,855,3.0,0.0,JMC-110,15,15,"Walker, Tara",,Open
JMC-111-03,PROFESSIONAL WRITING II,104,MWF,570,620,3.0,0.0,JMC-110,15,15,"Lee, Anne",,Open
JMC-111-04,PROFESSIONAL WRITING II,104,MWF,630,680,3.0,0.0,JMC-110,15,15,"Lee, Anne",,Open
JMC-111-05,PROFESSIONAL WRITING II,106,MWF,690,740,3.0,0.0,JMC-110,15,15,"Vecchio, Patrick",,Open
JMC-201-01,NEWSWRITING & REPORTING I,106,TT,960,1035,3.0,0.0,,15,15,"Gilliland, Donald",,Open
JMC-202-01,NEWSWRITING & REPORTING II,106,MW,870,945,3.0,0.0,JMC 201,15,15,"Wilkins, Dennis",,Open
JMC-202-02,NEWSWRITING & REPORTING II,106,MW,960,1035,3.0,0.0,JMC 201,15,15,"Wilkins, Dennis",,Open
JMC-245-01,VIDEO PRODUCTION,104,MW,960,1035,3.0,0.0,,15,15,"Sackett, Scott",,Open
JMC-263-01,SPORTS PHOTOJOURNALISM,104,W,1050,1200,3.0,0.0,,15,15,"Melvin, Craig",,Open
JMC-300-01,MEDIA LAW AND ETHICS,105,TTH,600,675,3.0,0.0,JUNIORS/SENIORS,25,25,"McNall, Carole",,Open
JMC-340-01,BROADCAST REPORTING,108,MWF,810,860,3.0,0.0,,15,15,"Bulszewicz, Anna",,Open
JMC-341-01,SPORTS TV PRODUCTION I,107,TH,1050,1200,3.0,0.0,,15,15,"Karnath, Erick",,Open
JMC-342-01,SPORTS TV PRODUCTION II,107,TH,1050,1200,3.0,0.0,,15,15,"Karnath, Erick",,Open
JMC-345-01,ON-AIR ANNOUNCING,108,MWF,690,740,3.0,0.0,,15,15,"Bulszewicz, Anna",,Open
JMC-399-01,COMMUNICATIONS RESEARCH METH,104,TTH,870,945,3.0,0.0,,20,20,"Walker, Tara",,Open
JMC-401AC-01,SP TOP:MEDIA & POP CULTURE,,,,,3.0,0.0,,20,20,"Lee, Richard",,Open
JMC-401CR-55,SP TOP: COMMUNITY REPORTING,,,,,1.0,3.0,,0,0,"Lee, Anne",,Open
JMC-401X-55,SP ST: NEWS 21,,,,,3.0,0.0,,0,0,"Chimbel, Aaron",,Open
JMC-411-55,WRITING FOR ADVOCACY,,,,,3.0,0.0,JR/SR JMC MAJORS,0,0,"Wilkins, Dennis",,Open
JMC-412-01,SPORTS COMMENTARY & ANALYSIS,106,TTH,870,945,3.0,0.0,,15,15,"Wilkins, Dennis",,Open
JMC-415-01,JOURNALISTS' WORKSHOP II,102,TTH,600,675,3.0,0.0,,15,15,"Lee, AnneLee, Richard",,Open
JMC-441-01,SEM. BROADCAST JOURNALISM II,108,MF,540,680,3.0,0.0,JMC 340,15,15,"Bulszewicz, Anna",,Open
JMC-442-01,POST PRODUCTION,108,M,1080,1230,3.0,0.0,,15,15,"Bush, Danny",,Open
JMC-470-01,INTERNET AND THE LAW,105,TTH,780,855,3.0,0.0,,20,20,"McNall, Carole",,Open
JMC-482-01,"WOMEN, MINORITIES & MEDIA",107,T,1050,1200,3.0,0.0,,20,20,"Lee, Anne",,Open
JMC-483-01,MEDIA & DEMOCRACY,,,,,3.0,0.0,JUNIORS/SENIORS,20,20,"Lee, Richard",,Open
JMC-499-01,COMPREHENSIVE EXPERIENCE,,,,,2.0,0.0,JMC Majors Only,20,20,"Hoffmann, Pauline",,Open
JMC-500-71L01,SPORTS JOURNALISM TODAY,,,,,3.0,0.0,,20,20,"Moritz, Brian",,Open
JMC-501-71L01,DIGITAL JOURNALISM TODAY,,,,,3.0,0.0,,20,20,"Moritz, Brian",,Open
JMC-502-72L01,WRITING AND EDITING,,,,,3.0,0.0,,15,15,"Moritz, Brian",,Open
JMC-503-71L01,DIGITAL REPORTING,,,,,3.0,0.0,,15,15,"Moritz, Brian",,Open
JMC-504-72L01,DIGITAL STORYTELLING,,,,,3.0,0.0,,20,20,"Matthews, Tammy",,Open
JMC-602-71L01,SOCIAL MEDIA STORYTELLING,,,,,3.0,0.0,,15,15,"Matthews, Tammy",,Open
JMC-602-72L01,SOCIAL MEDIA STORYTELLING,,,,,3.0,0.0,,15,15,"Matthews, Tammy",,Open
JMC-604-71L01,CODING & INTERACTIVE STORYTEL,,,,,3.0,0.0,,15,15,"Royal, Cindy",,Open
JMC-605-72L01,BUSINESS OF SPORTS MEDIA,,,,,3.0,0.0,,15,15,"Matthews, Tammy",,Open
JMC-701-71L01,DIGITAL PROJECT I: RESEARCH,,,,,1.0,0.0,,15,15,"Moritz, Brian",,Open
JMC-702-72L01,DIGITAL PROJECT II: REPORTING,,,,,1.0,0.0,,15,15,"Moritz, Brian",,Open
JMC-703-71L01,DIGITAL PROJECT III: PRESENT,,,,,1.0,0.0,,15,15,"Moritz, Brian",,Open
LAT-102-01,ELEMENTARY LATIN,010,MWF,810,860,3.0,0.0,LAT 101,15,15,"Caliva Smart, Kathryn",,Open
LAT-202-01,INTRO. LAT. AUTHORS OF EMPIRE,009,MWF,870,920,3.0,0.0,LAT 201,20,20,"Caliva Smart, Kathryn",,Open
LEAD-620-72L01,GLOBAL LEADERSHIP,,,,,3.0,0.0,,20,20,"Adelakun, Ola",,Open
LEAD-631-72L01,ETHICAL LEADERSHIP &INCLUSION,,,,,3.0,0.0,,20,20,"Walker, Tara",,Open
LEAD-640-71L01,LEADING CHANGE,,,,,3.0,0.0,,20,20,"Hoffman, Michael",,Open
LEAD-655-72L01,PROJECT IN STRAT LEADERSHIP,,,,,2.0,0.0,,20,20,"DeSimone, Kimberly",,Open
LEAD-660-72L01,LEADERSHIP PORTFOLIO,,,,,1.0,0.0,,20,20,"DeSimone, Kimberly",,Open
MATH-107-01,INTRODUCTION TO STATISTICS,117,MWF,630,680,3.0,0.0,,25,25,"Kwiatkowski, Sally",,Open
MATH-107-02,INTRODUCTION TO STATISTICS,106,MWF,690,740,3.0,0.0,,25,25,"Mobley, Timothy",,Open
MATH-107-03,INTRODUCTION TO STATISTICS,024,MWF,810,860,3.0,0.0,,25,25,"Mobley, Timothy",,Open
MATH-107-04,INTRODUCTION TO STATISTICS,106,TTH,780,855,3.0,0.0,,28,28,"Cashing, Douglas",,Open
MATH-112-01,MATH FOR ELEM EDUC II,106,TTH,600,675,3.0,0.0,MATH 111,25,25,"Cox, Maureen",,Open
MATH-112-02,MATH FOR ELEM EDUC II,117,TTH,780,855,3.0,0.0,MATH 111,25,25,"Cox, Maureen",,Open
MATH-122-01,CALC FOR MGT & SOC SCI,117,MWF,570,620,3.0,0.0,,28,28,"Kwiatkowski, Sally",,Open
MATH-135-01,QUANTITATIVE REASONING,106,MWF,810,860,3.0,0.0,,25,25,"Hill, Christopher",,Open
MATH-145-01,INTRO TO MATH CONCEPTS,116,TTH,690,765,3.0,0.0,,20,20,"Mobley, Timothy",,Open
MATH-145-02,INTRO TO MATH CONCEPTS,316,TTH,690,765,3.0,0.0,,0,0,"Klucznik, Michael",,Open
MATH-151-01,CALCULUS I,116,MWFT,510,560,4.0,0.0,"HIGH SCHOOL ALGEBRA, TRIG, ANALYTIC GEOMETRY",20,20,"Cox, Maureen",,Open
MATH-151-02,CALCULUS I,116,MWFT,570,620,4.0,0.0,"HIGH SCHOOL ALGEBRA, TRIG, ANALYTIC GEOMETRY",20,20,"Hill, Christopher",,Open
MATH-152-01,CALCULUS II,123,TTHF,510,585,4.0,0.0,MATH 151,20,20,"Klucznik, Michael",,Open
MATH-207-01,DISCRETE MATH I,024,MWF,690,740,3.0,0.0,,25,25,"Hill, Christopher",,Open
MATH-211-01,GEOMETRY FOR ELEM EDUC,316,TTH,510,585,3.0,0.0,MATH 112,20,20,"Mobley, Timothy",,Open
MATH-241-01,LINEAR ALGEBRA,316,MWF,690,740,3.0,0.0,MATH 152 & MATH 207,20,20,"Cox, Maureen",,Open
MATH-252-01,ORDINARY DIFF. EQUATIONS,116,TTH,600,675,3.0,0.0,MATH 152,20,20,"Klucznik, Michael",,Open
MATH-492-01,SENIOR COMPREHENSIVE PROJECT,,,,,1.0,0.0,,2,2,"Hill, Christopher",,Open
MBA-515F-71L01,INTRO TO BUSINESS ANALYTICS I,,,,,3.0,0.0,,20,20,"Posmanick, Benjamin",,Open
MBA-516F-72L01,Acctg & Fice Foundations,,,,,3.0,0.0,,20,20,"Rankin, Kathleen",,Open
MBA-610-F1F01,FICIAL MANAGEMENT,205,T,1080,1240,3.0,0.0,MBA-604 OR MBA 515F. 516F & MBA 517F,25,25,"Amira, Khaled",,Open
MBA-610-F1F02,FICIAL MANAGEMENT,205,TH,1080,1240,3.0,0.0,MBA-604 OR MBA 515F. 516F & MBA 517F,25,25,"Mahar, James",,Open
MBA-611-72L01,LEGAL ENVIRONMENT OF BUSINESS,,,,,3.0,0.0,,20,20,"Sundquist, Edward",,Open
MBA-612-71L01,MARKETING MANAGEMENT,,,,,3.0,0.0,,20,20,"Hurdle, Andrew",,Open
MBA-612-F1F01,MARKETING MANAGEMENT,209,TH,1080,1240,3.0,0.0,,25,25,"Liu, Lu",,Open
MBA-613-72L01,ORGANIZATIONAL BEHAVIOR,,,,,3.0,0.0,,20,20,"Stevens, John",,Open
MBA-613-F1F01,ORGANIZATIONAL BEHAVIOR,101,W,1080,1240,3.0,0.0,,20,20,"Jamro, Konrad",,Open
MBA-613-F1F02,ORGANIZATIONAL BEHAVIOR,205,W,870,1030,3.0,0.0,,20,20,"Jamro, Konrad",,Open
MBA-621-72L01,DATA VISUALIZATION,,,,,3.0,0.0,,20,20,"Babb, Danielle",,Open
MBA-623-71L01,ADVANCED COST ACCOUNTING,,,,,3.0,0.0,,20,20,"Kasperski, Michael",,Open
MBA-628-72L01,MANAGERIAL ECONOMICS,,,,,3.0,0.0,MBA 603 or MBA 515F & MBA 517F,20,20,"Wilson, David",,Open
MBA-629-71F01,AUDITING:APPL & CASES,209,TT,870,1030,3.0,0.0,ACCT 405,25,25,"Coate, Charles",,Open
MBA-630-F1F01,STUDENTS IN MONEY MGMT,101,MW,960,1035,3.0,0.0,MBA 604 OR MBA 517F,10,10,"Mahar, James",,Open
MBA-634-71L01,FICIAL MODELING,,,,,3.0,0.0,MBA 516F & MBA 517F OR MBA 601 AND MBA 604 ,20,20,"Gallagher, Michael",,Open
MBA-635-72F01,ACCT:THEORY & RESEARCH,209,TT,870,1030,3.0,0.0,ACCT 401,25,25,"Fischer, Michael",,Open
MBA-638-F1F01,CONSUMER BEHAVIOR,209,M,1080,1240,3.0,0.0,MBA 612,20,20,"Gratz, Elizabeth",,Open
MBA-639-71L01,BEHAVIORAL FICE,,,,,3.0,0.0,MBA 604,20,20,"Mahar, James",,Open
MBA-644-72L01,INTERNATIONAL MARKETING,,,,,3.0,0.0,MBA 612,20,20,"Trivedi, Dharti",,Open
MBA-645-F1L01,INTERNATIONAL MANAGEMENT,,,,,3.0,0.0,,20,20,"Jamro, Konrad",,Open
MBA-649-72L01,BUSINESS POLICY,,,,,3.0,0.0,"MBA 610, MBA 612, MBA 613 & MBA 616",20,20,"Zhu, Jinjing",,Open
MBA-649-F1F01,BUSINESS POLICY,205,TH,870,1030,3.0,0.0,"MBA 610, MBA 612, MBA 613 & MBA 616",20,20,"Jamro, Konrad",,Open
MBA-649-F1F02,BUSINESS POLICY,103,M,1080,1240,3.0,0.0,"MBA 610, MBA 612, MBA 613 & MBA 616",20,20,"Zhu, Jinjing",,Open
MBA-650-F1F01,BUSINESS ETHICS,006,T,870,1030,3.0,0.0,,20,20,"Smothermon, Charles",,Open
MBA-696FE-F1F01,SP TOP:FRANCISCAN ECONOMY,205,W,1080,1240,3.0,0.0,,20,20,"Mahar, James",,Open
MBA-696FS-F1F01,SP TP:FIN SCANDALS & ECO CRIS,101,TH,1080,1240,3.0,0.0,,20,20,"Crawford, John",,Open
MBA-696W-F1F01,FRAUD EXAMINATION,200,W,870,1030,3.0,0.0,,20,20,"King, Darwin",,Open
MEP-500-01,NURSING WRITING WORKSHOP,,,,,1.0,0.0,,20,20,"Perkins, Connie",,Open
MEP-510-01,FOUNDATIONAL NURSING CARE,003,MF,540,630,5.0,0.0,,30,30,"Soltysik, Suzanne",,Open
MEP-511-01,HEALTH CARE POLICY & ETHICS,102,W,570,720,3.0,0.0,,30,30,"Perkins, Connie",,Open
MEP-515-01,PSYCHIATRIC NURSING CARE,102,MT,990,1140,6.0,0.0,,30,30,"Shirey, Peggy",,Open
MEP-610-01,ADVANCED PATHOPHYSIOLOGY,102,TWT,630,690,3.0,0.0,,30,30,"Lundeen, Erin",,Open
MEP-612-01,NURS THEORY & EV BASED PRACT,,,,,3.0,0.0,,30,30,"Soltysik, Suzanne",,Open
MEP-614-01,ADVANCED PHARMACOLOGY,102,TH,960,1110,3.0,0.0,,30,30,"Crumrine, Filane",,Open
MGT-301-01,MGMT & ORGANIZA.BEHAVIOR,203,MW,870,945,3.0,0.0,,25,25,"Stevens, John",,Open
MGT-301-02,MGMT & ORGANIZA.BEHAVIOR,203,MW,960,1035,3.0,0.0,,25,25,"Stevens, John",,Open
MGT-301-03,MGMT & ORGANIZA.BEHAVIOR,203,MW,1080,1155,3.0,0.0,,25,25,"Stevens, John",,Open
MGT-306-01,PRODUCTION OPERATION MGMT,203,TTH,510,585,3.0,0.0,QMX 212,25,25,"Jahed, Mohammed",,Open
MGT-306-02,PRODUCTION OPERATION MGMT,203,TTH,600,675,3.0,0.0,QMX 212,25,25,"Jahed, Mohammed",,Open
MGT-306-03,PRODUCTION OPERATION MGMT,203,TTH,690,765,3.0,0.0,QMX 212,25,25,"Jahed, Mohammed",,Open
MGT-322-01,INTRO TO BUSINESS ANALYTICS,,MW,960,1035,3.0,0.0,QMX 212,25,25,"Branch, LaurieMcElfresh, Reed",,Open
MGT-329-01,INTRO TO SPORTS MANAGEMENT,205,MWF,570,620,3.0,0.0,,10,10,"Demiris, Tiffany",,Open
MGT-329-02,INTRO TO SPORTS MANAGEMENT,205,MWF,690,740,3.0,0.0,,10,10,"Demiris, Tiffany",,Open
MGT-401-01,PERSONNEL/HUMAN RESOURCE,109,TH,1080,1240,3.0,0.0,MGT 301,25,25,"Clarke, Jennifer",,Open
MGT-413-01,BUSINESS POLICY,006,MW,870,945,3.0,0.0,BUSINESS MAJORS WITH SENIOR STANDING,25,25,"Palmer, Todd",,Open
MGT-413-02,BUSINESS POLICY,103,TTH,510,585,3.0,0.0,BUSINESS MAJORS WITH SENIOR STANDING,25,25,"Zhu, Jinjing",,Open
MGT-413-03,BUSINESS POLICY,103,TTH,600,675,3.0,0.0,BUSINESS MAJORS WITH SENIOR STANDING,25,25,"Zhu, Jinjing",,Open
MGT-413-04,BUSINESS POLICY,006,MW,960,1035,3.0,0.0,BUSINESS MAJORS WITH SENIOR STANDING,20,20,"Palmer, Todd",,Open
MGT-430-01,ENTREPRENEURSHIP PRACT.,103,TT,1080,1155,3.0,0.0,NEEDS APPROVAL OF MGT DEPT CHAIR TO REGISTER ,15,15,"Palmer, ToddCullen, Thomas",,Open
MGT-431-01,ADV ENTREPRENEURSHIP PRACT.,103,TT,1080,1155,3.0,0.0,MSC-430,15,15,"Palmer, ToddCullen, Thomas",,Open
MKT-301-01,PRINCIPLES OF MARKETING,109,TTH,510,585,3.0,0.0,,30,30,"Ryan, Kristen",,Open
MKT-301-02,PRINCIPLES OF MARKETING,109,TTH,600,675,3.0,0.0,,30,30,"Ryan, Kristen",,Open
MKT-301-03,PRINCIPLES OF MARKETING,109,TTH,690,765,3.0,0.0,,30,30,"Ryan, Kristen",,Open
MKT-302-01,CONSUMER BEHAVIOR,209,MW,870,945,3.0,0.0,MKT 301,25,25,"Gratz, Elizabeth",,Open
MKT-302-02,CONSUMER BEHAVIOR,209,MW,960,1035,3.0,0.0,MKT 301,25,25,"Gratz, Elizabeth",,Open
MKT-303-01,SALES MMGT & PERSONAL SELLING,,,,,3.0,0.0,MKT 301,25,25,"Girard, John",,Open
MKT-303-02,SALES MMGT & PERSONAL SELLING,,,,,3.0,0.0,MKT 301,25,25,"Girard, John",,Open
MKT-306-01,INTEGRATED MKT COMMUNICATION,006,MWF,570,620,3.0,0.0,MKT 301,25,25,"Trivedi, Dharti",,Open
MKT-306-02,INTEGRATED MKT COMMUNICATION,006,MWF,630,680,3.0,0.0,MKT 301,25,25,"Trivedi, Dharti",,Open
MKT-311-01,AMER. ADVERTISING FEDERATION,104,TT,960,1035,3.0,0.0,MKT 301 INSTRUCTOR PERMISSION FEE REQUIRED,25,25,"Liu, Lu",,Open
MKT-405-01,INTERNATIONAL MARKETING,006,MWF,690,740,3.0,0.0,MKT 301,25,25,"Trivedi, Dharti",,Open
MKT-410-01,Contemp Issues and Top. in Mkt,008,TTH,690,765,3.0,0.0,SENIOR STANDING,20,20,"Liu, Lu",,Open
MKT-410-02,Contemp Issues and Top. in Mkt,103,TTH,780,855,3.0,0.0,SENIOR STANDING,25,25,"Liu, Lu",,Open
MKT-499FS-01,SP TOP:FOOD SYSTEMS,109,TTH,870,945,3.0,0.0,MKT 301,25,25,"Ryan, Kristen",,Open
MPH-540-01,PUBLIC HEALTH MKT & COMMUNIC,117,W,990,1150,3.0,0.0,,10,10,"Hoffmann, Pauline",,Open
MPH-541-01,PUBLIC HEALTH LEADERSHIP,117,M,990,1150,3.0,0.0,,10,10,"Couturier, David",,Open
MPH-542-01,INTERPROFESSIONAL EDUCATION,117,S,540,1020,1.0,0.0,,10,10,"Kent, Darla",,Open
MPH-551-01,CAPSTONE TO COMMENCEMENT,109,S,540,1020,2.0,0.0,TO BE TAKEN DURING 2ND YEAR,10,10,"Allen, Jeffrey",,Open
MS-102-01,BASIC LEADERSHIP,106,TH,780,855,1.0,0.0,,20,20,"Manning, Brandon",,Open
MS-102-02,BASIC LEADERSHIP,008,T,870,945,1.0,0.0,,20,20,"Manning, Brandon",,Open
MS-102L-01,BASIC LEADERSHIP LAB,026,TH,960,1080,1.0,0.0,,30,30,"Manning, Brandon",,Open
MS-202-01,LEADERSHIP & TEAMWORK,008,T,600,675,2.0,0.0,,20,20,"Manning, Brandon",,Open
MS-202-02,LEADERSHIP & TEAMWORK,008,TH,870,945,2.0,0.0,,20,20,"Manning, Brandon",,Open
MS-202L-01,LEADERSHIP & TEAMWORK LAB,026,TH,960,1080,1.0,0.0,,20,20,"Manning, Brandon",,Open
MS-301-55,LEADERSHIP/PROB.SOLVING,,,,,3.0,0.0,,0,0,"Luckie, John",,Open
MS-301L-55,LEADERSHIP/PROB.SOLVING LAB,,,,,1.0,0.0,,0,0,"Luckie, John",,Open
MS-302-01,LEADERSHIP AND ETHICS,011,TT,870,945,3.0,0.0,MS 301,20,20,"Beshears, Jeffrey",,Open
MS-302L-01,LEADERSHIP AND ETHICS LAB,026,TH,960,1080,1.0,0.0,MS-301L,20,20,"Beshears, Jeffrey",,Open
MS-402-01,OFFICERSHIP,026,TT,780,855,3.0,0.0,MS 401,20,20,"Luckie, John",,Open
MS-402L-01,OFFICERSHIP LAB,026,TH,960,1080,1.0,0.0,MS-401L,20,20,"Luckie, John",,Open
MSA-601-72L01,INTRO BUSINESS ANALYTICS II,,,,,3.0,0.0,,20,20,"Gallagher, Michael",,Open
MSA-613-71L01,PRESCRIPTIVE ANALYTICS,,,,,3.0,0.0,,20,20,"Gurung, Anil",,Open
MSA-645-72L01,ANALYTICS CAPSTONE,,,,,3.0,0.0,,20,20,"McElfresh, Reed",,Open
MU-101-01,CONCERT BAND,118,T,1110,1260,1.0,0.0,,25,25,"Spaeth, Isaac",,Open
MU-102-01,CONCERT CHOIR,211,W,960,1110,1.0,0.0,,25,25,"Stevens, Brian",,Open
MU-103-01,JAZZ BAND,118,M,1050,1170,1.0,0.0,,25,25,"Sabina, Leslie",,Open
MU-104-01,SMALL ENSEMBLE CHAMBER SINGER,211,T,960,1080,1.0,0.0,,15,15,"Stevens, Brian",,Open
MU-105-01,APPLIED MUSIC - INTERM. PIANO,203,,,,1.0,0.0,,8,8,"Peterson, Laura",,Open
MU-105-02,APPLIED MUSIC ADVANCED PIANO,203,,,,1.0,0.0,,8,8,"Peterson, Laura",,Open
MU-105-03,APPLIED MUSIC INTERM. VOCAL,203,,,,1.0,0.0,,8,8,"Stevens, Brian",,Open
MU-105-04,APPLIED MUSIC ADVANCED VOCAL,203,,,,1.0,0.0,,8,8,"Stevens, Brian",,Open
MU-121-01,MUSIC THEORY I,211,TTH,510,585,3.0,0.0,,25,25,"Sabina, Leslie",,Open
MU-316-01,HISTORY OF ROCK & ROLL,211,TTH,870,945,3.0,0.0,,25,25,"Peterson, Laura",,Open
MU-399K-01,SP TOP:STRING/PIANO CHAMBER,211,TTH,600,675,3.0,0.0,,12,12,"Peterson, Laura",,Open
MU-431-01,MIDI & AUDIO APPLICATIONS,211,TTH,780,855,3.0,0.0,,10,10,"Sabina, Leslie",,Open
NAIS-111-01,ELEM. SENECA II,011,TT,1050,1125,3.0,0.0,,20,20,"Waterman, Derise",,Open
NUR-401-01,NURSING THEORY & PROFESS,,,,,3.0,0.0,RN LICENSE REQUIRED ,20,20,"Soltysik, Suzanne",,Open
NUR-497-55,NURSING PHARMACOLOGY,,,,,1.5,0.0,RN LICENSE REQUIRED ,0,0,"Perkins, Connie",,Open
OT-560A-01,EVIDENCE BASED PRACTICE,003,TH,780,960,3.0,0.0,,30,30,"Rizzuto, AimeRichards, Stephanie",,Open
OT-570-01,OCCUPATIONAL TECHNOLOGY,003,W,540,720,3.0,0.0,,30,30,"Snyder, Molly",,Open
OT-580-01,LIFE OCCUPATION:MENTAL HEALTH,003,T,540,720,3.0,0.0,,30,30,"Snyder, Molly",,Open
OT-590-01,LIFE OCCUPATIONS:PEDIATRICS,003,THT,540,720,3.0,0.0,,30,30,"Kent, Darla",,Open
OT-600-01,LIFE OCCUPATIONS:ADULTS,003,T,780,960,3.0,0.0,,30,30,"Puglio, Ashlee",,Open
OT-615-01,APPLIED NEUROSCIENCE FOR OT,003,W,780,960,3.0,0.0,,15,15,"Rizzuto, AimeRichards, Stephanie",,Open
OT-710-01,LEVEL II FIELDWORK,,,,,6.0,0.0,,30,30,"Marasco, Suzanne",,Open
OT-720-01,LEVEL II FIELDWORK,,,,,6.0,0.0,,30,30,"Marasco, Suzanne",,Open
PA-500-01,PHYSICIAN ASSISTANT PRACTICE,107,F,780,840,1.0,0.0,,40,40,"Young, Keith",,Open
PA-501-01,BASIC SCIENCE I,107,MW,555,630,5.0,0.0,,40,40,"Medler, Scott",,Open
PA-504-01,PATIENT ASSESSMENT I,013,TTH,780,870,3.0,0.0,,40,40,"Steighner, Kesha",,Open
PA-507-01,PHARMACOLOGY I,107,MW,480,540,3.0,0.0,,40,40,"Braxton, Derien",,Open
PA-510-01,CLINICAL MEDICINE I,107,MTTHF,645,720,8.0,0.0,,40,40,"Szymanski, Jeffrey",,Open
PA-513-01,MEDICAL HUMANITIES I,107,W,645,720,1.0,0.0,,40,40,"Ackley, Nicole",,Open
PA-600-01,CLINICAL PROCEDURES,001,MTWTHF,480,960,4.0,0.0,,40,40,"Nelson, Kathryn",,Open
PA-601-01,SCPE FAMILY MEDICINE,,,,,5.0,0.0,,40,40,"Ackley, Nicole",,Open
PA-602-01,SCPE INTERNAL MEDICINE,,,,,5.0,0.0,,40,40,"Ackley, Nicole",,Open
PA-603-01,SCPE PEDIATRICS,,,,,5.0,0.0,,40,40,"Ackley, Nicole",,Open
PA-604-01,SCPE EMERGENCY MEDICINE,,,,,5.0,0.0,,40,40,"Ackley, Nicole",,Open
PA-605-01,SCPE SURGERY,,,,,5.0,0.0,,40,40,"Ackley, Nicole",,Open
PA-606-01,SCPE WOMENS HEALTH,,,,,5.0,0.0,,40,40,"Ackley, Nicole",,Open
PA-607-01,SCPE BEHAVIORAL HEALTH,,,,,5.0,0.0,,40,40,"Ackley, Nicole",,Open
PA-608-01,SCPE SELECTIVE I,,,,,5.0,0.0,,40,40,"Ackley, Nicole",,Open
PA-609-01,SCPE SELECTIVE II,,,,,5.0,0.0,,40,40,"Ackley, Nicole",,Open
PA-610-01,MASTERS PROPOSAL,,,,,1.0,0.0,,40,40,"Young, Keith",,Open
PA-612-01,MASTERS PROJECT DISSEMINATION,,,,,2.0,0.0,,40,40,"Young, Keith",,Open
PA-613-01,SUMMATIVE REVIEW,001,MTWTHF,480,960,3.0,0.0,,40,40,"Nelson, Kathryn",,Open
PHB-102-01,GLOBAL PUBLIC HEALTH,106,MWF,810,860,3.0,0.0,,30,30,"Allen, Jeffrey",,Open
PHB-201-55,BIOSTATISTIC IN PUBLIC HEALTH,,,,,3.0,0.0,,0,0,"Allen, Jeffrey",,Open
PHB-202-01,MKT & COMM IN PUBLIC HEALTH,106,MWF,570,620,3.0,0.0,,30,30,"Allen, Jeffrey",,Open
PHB-301-01,HEALTH PROMOTION PROGRAMMING,106,TTH,780,855,3.0,0.0,,30,30,"Thomas, Monica",,Open
PHED-110-01,OUTDOOR PURSUITS,2A,MW,870,945,3.0,0.0,,0,0,"Brawdy, Paul",,Open
PHED-111-01,FITNESS ACTIVITIES,2A,MWF,690,740,3.0,0.0,,15,15,"Brawdy, Paul",,Open
PHED-111-02,FITNESS ACTIVITIES,2A,MWF,510,560,3.0,0.0,,12,12,"Brawdy, Paul",,Open
PHED-208-01,PREVENTION/CARE INJURIES,002,M,1080,1240,3.0,0.0,BIO 212,20,20,"Hobler, Christopher",,Open
PHED-308C-01,THEORY/TECHNIQUES OF COACHING,002,TTH,870,945,3.0,0.0,,25,25,"Scraba, Paula",,Open
PHED-310-01,PHIL/PRINC INTERSCHOLASTIC ATH,002,WM,960,1120,3.0,0.0,,25,25,"Scraba, Paula",,Open
PHED-313-01,WOMEN IN SPORTS,002,MW,870,945,3.0,0.0,,30,30,"Scraba, Paula",,Open
PHED-315-01,SPORTS PYSCHOLOGY FOR COACHES,009,MWF,690,740,3.0,0.0,,25,25,"Oh, Daekyun",,Open
PHED-403-01,MOTOR BEHAV:TO LEARN TO GROW,002,MWF,630,680,3.0,0.0,,25,25,"Scraba, Paula",,Open
PHED-408-01,SECONDARY M/M IN PHYS ED,2A,MWF,570,620,3.0,0.0,,15,15,"Oh, Daekyun",,Open
PHED-413D-55,DIR STUDY INTERNSHIP II,,,,,1.0,3.0,"Junior/Senior Status, requires dept chair permission to register",0,0,"Scraba, Paula",,Open
PHED-413E-01,DIR. STUDY-KINDERKETICS,GYM,WW,690,740,1.0,0.0,,30,30,"Scraba, Paula",,Open
PHED-415-01,PSYCHO-SOCIAL ASPECTS,203,TTH,780,855,3.0,0.0,,25,25,"Brawdy, Paul",,Open
PHED-490-01,PHYS ED STUD.TCH: ELEMENTARY,,MTW,,,5.0,0.0,,15,15,"Morris, Jon",,Open
PHED-491-01,PHYS ED STUD TCH: SECONDARY,,MTW,,,5.0,0.0,,15,15,"Morris, Jon",,Open
PHED-493-01,SEMINAR IN PHYSICAL EDUCATION,2A,T,1080,1240,3.0,0.0,,15,15,"Oh, Daekyun",,Open
PHED-493-55,SEMINAR IN PHYSICAL EDUCATION,,,,,3.0,0.0,,0,0,"Oh, Daekyun",,Open
PHIL-102-01,INTRO TO PHILOSOPHY,011,TTH,690,765,3.0,0.0,,25,25,"Woodruff, Russell",,Open
PHIL-102-02,INTRO TO PHILOSOPHY,011,TTH,780,855,3.0,0.0,,25,25,"Woodruff, Russell",,Open
PHIL-102-03,INTRO TO PHILOSOPHY,307,MWF,570,620,3.0,0.0,,25,25,"Setman, Stephen",,Open
PHIL-102-04,INTRO TO PHILOSOPHY,307,MWF,630,680,3.0,0.0,,25,25,"Setman, Stephen",,Open
PHIL-102-05,INTRO TO PHILOSOPHY,307,MWF,690,740,3.0,0.0,,25,25,"Setman, Stephen",,Open
PHIL-102-06,INTRO TO PHILOSOPHY,010,TTH,690,765,3.0,0.0,,25,25,"Caliva-Smart, Joshua",,Open
PHIL-102-07,INTRO TO PHILOSOPHY,010,TTH,780,855,3.0,0.0,,25,25,"Caliva-Smart, Joshua",,Open
PHIL-102-08,INTRO TO PHILOSOPHY,010,TTH,870,945,3.0,0.0,,25,25,"Caliva-Smart, Joshua",,Open
PHIL-102-09,INTRO TO PHILOSOPHY,201,TS,870,1020,3.0,0.0,,25,25,"Shapiro, Robert",,Open
PHIL-104-01,INTRODUCTION TO ETHICS,307,TTH,510,585,3.0,0.0,,25,25,"Gillham, Alex",,Open
PHIL-104-02,INTRODUCTION TO ETHICS,307,TTH,600,675,3.0,0.0,,25,25,"Gillham, Alex",,Open
PHIL-104-03,INTRODUCTION TO ETHICS,201,TTH,600,675,3.0,0.0,,25,25,"Tate, Daniel",,Open
PHIL-104-04,INTRODUCTION TO ETHICS,201,TTH,690,765,3.0,0.0,,25,25,"Tate, Daniel",,Open
PHIL-104-05,INTRODUCTION TO ETHICS,005,MW,870,945,3.0,0.0,,25,25,"McDivitt, Heather",,Open
PHIL-104-06,INTRODUCTION TO ETHICS,005,MW,960,1035,3.0,0.0,,25,25,"McDivitt, Heather",,Open
PHIL-104-07,INTRODUCTION TO ETHICS,013,TTH,780,855,3.0,0.0,,25,25,"McDivitt, Heather",,Open
PHIL-104-08,INTRODUCTION TO ETHICS,201,TTH,510,585,3.0,0.0,,25,25,"Dexter, Adam",,Open
PHIL-104-09,INTRODUCTION TO ETHICS,306,TT,1170,1245,3.0,0.0,,25,25,"Dexter, Adam",,Open
PHIL-301-01,ETHICS,008,MW,870,945,3.0,0.0,,25,25,"Setman, Stephen",,Open
PHIL-305-01,THE PHILOSOPHY OF SPORT,306,MW,960,1035,3.0,0.0,,25,25,"Woodruff, Russell",,Open
PHIL-312-01,SYMBOLIC LOGIC,307,TTH,690,765,3.0,0.0,,25,25,"Gillham, Alex",,Open
PHIL-326-01,LEGAL REASONING,008,T,1080,1230,3.0,0.0,,25,25,"Ploetz, Ronald",,Open
PHIL-328-01,PARALEGAL INTERNSHIP,,,,,3.0,6.0,,5,5,"Gillham, Alex",,Open
PHIL-338-01,HEALTH CARE ETHICS,013,TTH,690,765,3.0,0.0,,22,22,"McDivitt, Heather",,Open
PHIL-338-02,HEALTH CARE ETHICS,005,MW,1050,1125,3.0,0.0,,25,25,"McDivitt, Heather",,Open
PHIL-361-01,Evil and Modern Thought,009,TTH,870,945,3.0,0.0,,25,25,"Tate, Daniel",,Open
PHSC-106-01,STARS AND STELLAR SYSTEMS,020,MWF,630,680,3.0,0.0,,36,36,"Pientka, James","PHSC-113L-01;PHSC-113L-02;PHSC-113L-03",Open
PHSC-113L-01,ASTRONOMY LABORATORY,001,M,810,980,1.0,0.0,,12,12,"Bhardwaj, Anish",PHSC-106-01,Open
PHSC-113L-02,ASTRONOMY LABORATORY,001,W,810,980,1.0,0.0,,12,12,"Bhardwaj, Anish",PHSC-106-01,Open
PHSC-113L-03,ASTRONOMY LABORATORY,001,F,810,980,1.0,0.0,,12,12,"Bhardwaj, Anish",PHSC-106-01,Open
PHSC-115-01,ALTERNATIVE ENERGY SOURCES,020,MWF,690,740,3.0,0.0,,36,36,"Pientka, James",,Open
PHYL-104-01,GENERAL PHYSICS LAB II,002,M,810,980,1.0,0.0,PHYS 103,12,12,"Cooke, Tae","PHYS-104-01;PHYS-104-02",Open
PHYL-104-02,GENERAL PHYSICS LAB II,002,T,810,980,1.0,0.0,PHYS 103,12,12,"Cooke, Tae","PHYS-104-01;PHYS-104-02",Open
PHYL-104-03,GENERAL PHYSICS LAB II,002,W,810,980,1.0,0.0,PHYS 103,12,12,"Cooke, Tae","PHYS-104-01;PHYS-104-02",Open
PHYS-104-01,GENERAL PHYSICS II,117,MWF,690,740,3.0,0.0,PHYS 103 & MATH 151,18,18,"Cooke, Tae","PHYL-104-01;PHYL-104-02;PHYL-104-03",Open
PHYS-104-02,GENERAL PHYSICS II,116,MWF,690,740,3.0,0.0,PHYS 103 & MATH 151,18,18,"Bhardwaj, Anish","PHYL-104-01;PHYL-104-02;PHYL-104-03",Open
PHYS-203-01,MODERN PHYSICS,001,MWF,570,620,3.0,0.0,PHYS 103 & 104,10,10,"Pientka, James",,Open
PHYS-302-01,ELECTRICITY & MAGNETISM II,020,MWF,810,860,3.0,0.0,PHYS 301,10,10,"Pientka, James",,Open
PHYS-304-55,THERMODYNAMICS,,,,,3.0,0.0,PHYS 103 & PHYS 104,0,0,"Pientka, James",,Open
POLS-102-O01,AMERICAN POLITICS,,,,,3.0,0.0,,0,0,"Perry, Matthew",,Open
POLS-103-01,INTERNATIONAL RELATIONS,306,MW,1050,1125,3.0,0.0,,25,25,"Kubal, Mary Rose",,Open
POLS-103-02,INTERNATIONAL RELATIONS,,,,,3.0,0.0,,18,18,"Zabad, Ibrahim",,Open
POLS-203-01,COMP. POLITICAL SYSTEMS,107,TTH,600,675,3.0,0.0,,25,25,"Kubal, Mary Rose",,Open
POLS-307-01,QUANT RESEARCH METHODS IN PS,007,MWF,570,620,3.0,0.0,,25,25,"Tillman, Elizabeth",,Open
POLS-330-01,INT`L POLITICAL ECONOMY,121,TTH,780,855,3.0,0.0,,25,25,"Kubal, Mary Rose",,Open
POLS-356-01,LATIN AMERICA & THE U. S.,006,MWF,810,860,3.0,0.0,,25,25,"Kubal, Mary Rose",,Open
POLS-365-01,POL PARTIES & INTEREST GROUPS,007,MWF,690,740,3.0,0.0,,25,25,"Tillman, Elizabeth",,Open
POLS-421-01,CONSTIT. LAW II:POL STRUCT.,007,MWF,630,680,3.0,0.0,,25,25,"Tillman, Elizabeth",,Open
POLS-492-01,ALBANY INTERNSHIP,,,,,15.0,0.0,,0,0,"Kubal, Mary Rose",,Open
PSYC-101-01,INTRO TO PSYCHOLOGY,123,MWF,570,620,3.0,0.0,,20,20,"Luo, Chuan",,Open
PSYC-101-02,INTRO TO PSYCHOLOGY,123,MWF,630,680,3.0,0.0,,20,20,"Luo, Chuan",,Open
PSYC-101-03,INTRO TO PSYCHOLOGY,024,TTH,780,855,3.0,0.0,,20,20,"Privitera, Gregory",,Open
PSYC-101-04,INTRO TO PSYCHOLOGY,024,TTH,870,945,3.0,0.0,,20,20,"Privitera, Gregory",,Open
PSYC-102-01,AN INTRO TO BIOPSYCHOLOGY,123,MW,870,945,3.0,0.0,,16,16,"Hager, Audrey",,Open
PSYC-102-02,AN INTRO TO BIOPSYCHOLOGY,123,MW,960,1035,3.0,0.0,,16,16,"Hager, Audrey",,Open
PSYC-202-01,PSYC RES: METHODS/STATS II,G21,MW,870,945,3.0,0.0,PSYC 201,40,40,"Privitera, Gregory",,Open
PSYC-202-55,PSYC RES: METHODS/STATS II,,,,,3.0,0.0,PSYC 201,0,0,"Privitera, Gregory",,Open
PSYC-213-01,CHILD &ADOLESCENT DEVELOPMENT,123,TTH,690,765,3.0,0.0,,18,18,"Strasser, Irene",,Open
PSYC-213-02,CHILD &ADOLESCENT DEVELOPMENT,116,TTH,870,945,3.0,0.0,,18,18,"Strasser, Irene",,Open
PSYC-230-01,COGNITION,123,MWF,810,860,3.0,0.0,,18,18,"Luo, Chuan",,Open
PSYC-230-02,COGNITION,123,MWF,690,740,3.0,0.0,,18,18,"Luo, Chuan",,Open
PSYC-311-01,CYBERPSYCHOLOGY,123,TTH,600,675,3.0,0.0,,20,20,"Strasser, Irene",,Open
PSYC-420M-01,SP.TOP:NEUROPSYCHOLOGY,113,TTH,780,855,3.0,0.0,PSYC 101 or BIO 105,16,16,"Hager, Audrey",,Open
PSYC-433-01,PSYCH OF PERSONALITY,024,TTH,600,675,3.0,0.0,PSYC 101,16,16,"Vogel, Stephanie",,Open
PSYC-433-02,PSYCH OF PERSONALITY,024,TTH,690,765,3.0,0.0,PSYC 101,16,16,"Vogel, Stephanie",,Open
PSYC-469-01,INTR CLNIC/METH-HUM.SERV,123,TTH,870,945,3.0,0.0,PSYC 101 SOPHOMORE STANDING,16,16,"Vogel, Stephanie",,Open
PSYC-478-01,FIELDWORK-TEACHING ASST,,,,,1.0,3.0,INSTRUCTOR CONSENT REQUIRED,0,0,"Privitera, Gregory",,Open
PSYC-478-02,FIELDWORK-TEACHING ASST,,,,,1.0,3.0,INSTRUCTOR CONSENT REQUIRED,0,0,"Strasser, Irene",,Open
PSYC-481-55,IND.STY: SOCIAL PSYCH,,,,,1.0,3.0,INSTRUCTOR CONSENT REQUIRED,0,0,"Privitera, Gregory",,Open
PSYC-483-55,IND.STUDY-DEVELOPMNTL PSYCH.,,,,,1.0,3.0,INSTRUCTOR CONSENT REQUIRED,0,0,"Strasser, Irene",,Open
QMX-210-01,QUANTITATIVE APPL FOR BUS STU,103,MWF,570,620,3.0,0.0,,30,30,"Bysiek, Evelyn",,Open
QMX-210-02,QUANTITATIVE APPL FOR BUS STU,103,MWF,630,680,3.0,0.0,,30,30,"Bysiek, Evelyn",,Open
QMX-211-01,INTRODUCTION TO STATISTICS,101,MWF,510,560,3.0,0.0,MATH-122 or MATH 151 ,30,30,"Tripathi, Janhavi Shankar",,Open
QMX-211-02,INTRODUCTION TO STATISTICS,101,MWF,570,620,3.0,0.0,MATH-122 or MATH 151 ,30,30,"Tripathi, Janhavi Shankar",,Open
QMX-212-01,STATISTICAL APPS FOR BUSINESS,201,MWF,570,620,3.0,0.0,QMX 211 & IT 120 ,30,30,"Pinheiro, Ryan",,Open
QMX-212-02,STATISTICAL APPS FOR BUSINESS,103,MWF,690,740,3.0,0.0,QMX 211 & IT 120 ,30,30,"Pinheiro, Ryan",,Open
QMX-212-03,STATISTICAL APPS FOR BUSINESS,103,MWF,810,860,3.0,0.0,QMX 211 & IT 120 ,30,30,"Kwiatkowski, Sally",,Open
QMX-212-04,STATISTICAL APPS FOR BUSINESS,103,MWF,870,920,3.0,0.0,QMX 211 & IT 120 ,30,30,"Kwiatkowski, Sally",,Open
READ-525-F1L01,LITERACY SECONDARY SCHOOL,,,,,3.0,0.0,,25,25,"Voss, Sheri",,Open
READ-540-72L01,SUPRV/CUR ISS-LITERACY PROGS,,,,,3.0,0.0,,25,25,"Voss, Sheri",,Open
READ-580-F1L01,CLIN/PRACT CHILD/LITERACY,,,,,3.0,0.0,READ 570,25,25,"Voss, Sheri",,Open
READ-595-F1L01,CLINICAL PRACT/ADOLE.LIT,,,,,3.0,0.0,READ 570,25,25,"Voss, Sheri",,Open
READ-599-F1F01,LITERACY COACHING INTRN,,,,,0.0,0.0,,50,50,"Hauser, Rene",,Open
SA-100-01,Study Abroad,,,,,12.0,18.0,,0,0,"Staff, ",,Open
SAM-603-F1F01,FIN ASPECTS OF SPORT ADMIN,200,T,1080,1240,3.0,0.0,,20,20,"Kasperski, Michael",,Open
SAM-611-F1L01,LEADERSHIP & DIV IN SPORT ADM,,,,,3.0,0.0,,20,20,"Flowers, Courtney",,Open
SAM-617-F1F01,ATHLETIC ADMINISTRATION,203,TH,1080,1240,3.0,0.0,,20,20,"Demiris, Tiffany",,Open
SAM-650-F1F01,SPORT ADMINISTRATION CAPSTONE,205,M,1080,1240,3.0,0.0,,20,20,"Pinheiro, Ryan",,Open
SAM-653-F1F01,SPORTS MARKETING,209,W,1080,1240,3.0,0.0,MBA 612 ,20,20,"Gratz, Elizabeth",,Open
SBU-103-01,GENERAL EDUCATION INTERNSHIP,,,,,0.0,3.0,Instructor approval needed ,20,20,"Imhoff, Guy",,Open
SC-210-01,SOCIAL MEDIA IN SOC/BUSINESS,107,MW,630,680,3.0,0.0,,20,20,"Hoffmann, Pauline",,Open
SC-220-01,DIGITAL CONTENT & ENGAGEMENT,103,MW,870,945,3.0,0.0,,18,18,"Sackett, Scott",,Open
SC-301-01,STRATEGIC WRTG & PROF COMM,,,,,3.0,0.0,,15,15,"Matthews, Tammy",,Open
SC-301-02,STRATEGIC WRTG & PROF COMM,103,MW,1050,1125,3.0,0.0,,15,15,"Jones-Kelley, Michael",,Open
SC-301-03,STRATEGIC WRTG & PROF COMM,103,MW,960,1035,3.0,0.0,,15,15,"Jones-Kelley, Michael",,Open
SC-301-04,STRATEGIC WRTG & PROF COMM,103,TTH,870,945,3.0,0.0,,15,15,"Jones-Kelley, Michael",,Open
SC-301-05,STRATEGIC WRTG & PROF COMM,105,MWF,810,860,3.0,0.0,,15,15,"McNall, Carole",,Open
SC-301-06,STRATEGIC WRTG & PROF COMM,202,MW,870,945,3.0,0.0,,15,15,"Bulszewicz, Anna",,Open
SC-301-07,STRATEGIC WRTG & PROF COMM,105,W,960,1110,3.0,0.0,,15,15,"Specht, Shannon",,Open
SC-301-08,STRATEGIC WRTG & PROF COMM,104,TTH,690,765,3.0,0.0,,15,15,"Bartimole, John",,Open
SC-303-01,DIGITAL MARKETING,,,,,3.0,0.0,,20,20,"DeSimone, Kimberly",,Open
SC-320-55,PRINC & PRACT OF PUB RELATIONS,,,,,3.0,0.0,,0,0,"Hoffmann, Pauline",,Open
SC-401B-01,SP TOP: AD AGENCY LEADERSHIP,104,TT,960,1035,3.0,0.0,,3,3,"Jones-Kelley, Michael",,Open
SC-430-01,AAF CASE STUDY,104,TT,960,1035,3.0,0.0,INSTRUCTOR CONSENT REQUIRED,10,10,"Jones-Kelley, Michael",,Open
SC-499-01,COMPREHENSIVE EXPERIENCE,,,,,2.0,0.0,To be taken Senior Fall,20,20,"Hoffmann, Pauline",,Open
SOC-101-01,INTROD. SOCIOLOGY,006,TTH,600,675,3.0,0.0,,20,20,"Blake, David",,Open
SOC-101-02,INTROD. SOCIOLOGY,201,MW,870,945,3.0,0.0,,20,20,"Blake, David",,Open
SOC-102-01,SOCIAL PROBLEMS,013,TTH,600,675,3.0,0.0,,20,20,"Zawicki, Kathy",,Open
SOC-102-02,SOCIAL PROBLEMS,117,TS,870,1020,3.0,0.0,,20,20,"Zawicki, Kathy",,Open
SOC-103-01,INTRODUCTION TO SOCIAL WORK,007,W,1020,1170,3.0,0.0,,20,20,"McCall, Sonya",,Open
SOC-205-01,SOCIOLOGY OF INEQUALITY,014,TTH,870,945,3.0,0.0,,20,20,"Gross, Benjamin",,Open
SOC-206-01,QUALITATIVE RESEARCH METHODS,202,TTH,870,945,3.0,0.0,SOC 101,18,18,"Blake, David",,Open
SOC-207-01,QUANTITATIVE METHODS,106,TTH,690,765,3.0,0.0,"SOC 101, SOC 206 & MATH 107",15,15,"Gavin, Samantha",,Open
SOC-208-01,CONTEMPORARY SOCIAL THEORIES,011,TTH,510,585,3.0,0.0,SOC 101,15,15,"Zawicki, Kathy",,Open
SOC-301-55,CURR.SOC.PROB:FIELDWORK STUDY,,,,,3.0,0.0,SOC 103 or SOC 307,0,0,"Dombek, Andrew",,Open
SOC-308-01,JUVENILE DELINQUENCY,014,MWF,630,680,3.0,0.0,,25,25,"Dombek, Andrew",,Open
SOC-320-01,SOCIAL PSYCH.OF ADDICTIONS,008,MWF,510,560,3.0,0.0,SECTION 1 - SOCIOLOGY MAJORS ONLY,15,15,"Elenchin, William",,Open
SOC-320-02,SOCIAL PSYCH.OF ADDICTIONS,008,MWF,570,620,3.0,0.0,SECTION 1 - SOCIOLOGY MAJORS ONLY,15,15,"Elenchin, William",,Open
SOC-321-01,SOCIAL MEDIA & SOCIETY,,,,,3.0,0.0,,25,25,"Gross, Benjamin",,Open
SOC-412-01,SENIOR SEMINAR,LWRSEMRM,TTH,690,765,3.0,0.0,"Soc 206, Soc 207, and Either Soc 208 or Crm 209",10,10,"Blake, David",,Open
SPAN-102-01,ELEM. SPANISH II,107,MWF,570,620,3.0,0.0,SPAN 101,25,25,"Warner, Jeffrey",,Open
SPAN-102-02,ELEM. SPANISH II,009,MWF,630,680,3.0,0.0,SPAN 101,25,25,"Simone, Leigh",,Open
SPAN-102-03,ELEM. SPANISH II,013,MWF,690,740,3.0,0.0,SPAN 101,25,25,"Warner, Jeffrey",,Open
SPAN-102-04,ELEM. SPANISH II,116,TTH,780,855,3.0,0.0,SPAN 101,25,25,"Simone, Leigh",,Open
SPAN-202-01,INTERMED SPANISH II,201,MWF,510,560,3.0,0.0,SPAN 201,20,20,"Warner, Jeffrey",,Open
SPAN-202-02,INTERMED SPANISH II,009,MWF,570,620,3.0,0.0,SPAN 201,20,20,"Simone, Leigh",,Open
SPAN-202-03,INTERMED SPANISH II,306,TTH,600,675,3.0,0.0,SPAN 201,20,20,"Medrano, Jose'",,Open
SPAN-202-04,INTERMED SPANISH II,105,TTH,690,765,3.0,0.0,SPAN 201,20,20,"Warner, Jeffrey",,Open
SPAN-202-05,INTERMED SPANISH II,306,TTH,780,855,3.0,0.0,SPAN 201,20,20,"Medrano, Jose'",,Open
SPAN-202-06,INTERMED SPANISH II,007,TT,960,1035,3.0,0.0,SPAN 201,20,20,"Kuhn, Bernard",,Open
SPAN-302M-01,SPANISH FOR HEALTHCARE PROFES,102,MW,810,885,3.0,0.0,,16,16,"Cellini, Alva",,Open
SPAN-303-01,ADV GRAMMAR & COMP I,306,MWF,690,740,3.0,0.0,SPAN 301,15,15,"Medrano, Jose'",,Open
SPAN-325-55,HISPANIC WOMEN WRITERS,,,,,3.0,0.0,,0,0,"Cellini, Alva",,Open
SPAN-327-01,INDIGENOUS VOICES OF LATIN AM,306,TTH,690,765,3.0,0.0,This course is offered in English,15,15,"Medrano, Jose'",,Open
SPAN-335M-55,SP TOP:SOCIAL CHANGE IN MEX,,,,,3.0,0.0,,0,0,"Medrano, Jose'",,Open
SPAN-450-01,COMPREHENSIVE EXAM,,,,,0.0,0.0,,15,15,"Simone, Leigh",,Open
SPED-230-01,INTRO TO SPECIAL EDUC.,010,MWF,690,740,3.0,0.0,,25,25,"Abkowitz, Pamina",,Open
SPED-230-02,INTRO TO SPECIAL EDUC.,201,MWF,810,860,3.0,0.0,,25,25,"Abkowitz, Pamina",,Open
SPED-340-01,CLASSR/BEHAVIORAL MGMT,013,TTH,870,945,3.0,0.0,,25,25,"Abkowitz, Pamina",,Open
SPED-350-01,INSTR DESIGN FOR ALL LEARNERS,104,TTH,600,675,3.0,0.0,,25,25,"Andrews, Kathryn",,Open
SPED-350L-01,INSTR DES FOR ALL LEARNER LAB,011,F,570,620,0.0,0.0,,25,25,"Andrews, Kathryn",,Open
SPED-430-01,Assessment Children W/ Exc,005,TTH,690,765,3.0,0.0,,25,25,"Abkowitz, Pamina",,Open
SPED-440-01,ADAPT/INSTR SPEC.NEEDS STUD.,009,MWF,810,860,3.0,0.0,,20,20,"Korzeniewski, Melanie",,Open
SPED-455-01,CURR & METH FOR SWD,011,MWF,810,860,3.0,0.0,,25,25,"Fisher, Anne-Claire",,Open
SPED-503-F1L01,EVAL & MEAS FOR INCLUS EDUC,,,,,3.0,0.0,,20,20,"Abkowitz, Pamina",,Open
SPED-504-71L01,COLLAB & TRANS FOR INCL EDUC,,,,,3.0,0.0,,20,20,"Fisher, Anne-Claire",,Open
SPED-510-F1L01,INST DESIGN & STRATEGIES,,,,,3.0,0.0,,20,20,"Prisco, Lauren",,Open
SPED-590-F1L01,GRADUATE INTERNSHIP SPEC ED,,,,,3.0,0.0,,20,20,"Fisher, Anne-Claire",,Open
THFS-101-01,THE WAY OF FRANCIS & CLARE,107,MW,990,1065,3.0,0.0,,25,25,"Haden, Kyle",,Open
THFS-101-02,THE WAY OF FRANCIS & CLARE,024,MWF,570,620,3.0,0.0,,25,25,"Gies, Aaron",,Open
THFS-101-03,THE WAY OF FRANCIS & CLARE,024,MWF,630,680,3.0,0.0,,25,25,"Gies, Aaron",,Open
THFS-101-04,THE WAY OF FRANCIS & CLARE,011,MWF,630,680,3.0,0.0,,25,25,"Lahaie, Myka",,Open
THFS-101-05,THE WAY OF FRANCIS & CLARE,011,MWF,690,740,3.0,0.0,,25,25,"Lahaie, Myka",,Open
THFS-101-06,THE WAY OF FRANCIS & CLARE,203,MWF,630,680,3.0,0.0,,25,25,"Belfield, Andrew",,Open
THFS-101-07,THE WAY OF FRANCIS & CLARE,107,MWF,690,740,3.0,0.0,,25,25,"Belfield, Andrew",,Open
THFS-101-08,THE WAY OF FRANCIS & CLARE,020,TTH,870,945,3.0,0.0,,35,35,"Couturier, David",,Open
THFS-104-01,HON THE WAY FRANCIS & CLARE,102,MW,870,945,3.0,0.0,,15,15,"Bychkov, Oleg",,Open
THFS-225-01,Theology and the Arts,306,TTH,780,855,3.0,0.0,,25,25,"Bychkov, Oleg",,Open
THFS-225-02,Theology and the Arts,306,TTH,870,945,3.0,0.0,,25,25,"Bychkov, Oleg",,Open
THFS-235-01,CATHOLIC THEOLOGY,103,TTH,690,765,3.0,0.0,,25,25,"Lahaie, Myka",,Open
THFS-235-02,CATHOLIC THEOLOGY,107,TT,960,1035,3.0,0.0,,25,25,"Lahaie, Myka",,Open
THFS-235-03,CATHOLIC THEOLOGY,107,TTH,690,765,3.0,0.0,,25,25,"Belfield, Andrew",,Open
THFS-235-04,CATHOLIC THEOLOGY,105,TTH,870,945,3.0,0.0,,25,25,"Belfield, Andrew",,Open
THFS-252-01,CHRISTIAN SPIRITUALITY,104,MWF,810,860,3.0,0.0,,25,25,"Gies, Aaron",,Open
THFS-252-02,CHRISTIAN SPIRITUALITY,104,MWF,870,920,3.0,0.0,,25,25,"Gies, Aaron",,Open
THFS-271-01,UNDERSTANDING OLD TESTAMENT,107,TTH,780,855,3.0,0.0,,25,25,"Haden, Kyle",,Open
THFS-271-02,UNDERSTANDING OLD TESTAMENT,107,TTH,870,945,3.0,0.0,,25,25,"Haden, Kyle",,Open
THFS-307-01,CHRISTIAN-MUSLIM RELATIONS,103,TTH,600,675,3.0,0.0,,25,25,"Calabria, Michael",,Open
THFS-345-01,CATHOLIC SOCIAL THOUGHT,107,MW,870,945,3.0,0.0,,25,25,"Couturier, David",,Open
THFS-498-55,SEMINAR IN THEOLOGY,,,,,3.0,0.0,,0,0,"Gies, Aaron",,Open
THTR-101-01,INTRO. TO THEATER,211,TTH,690,765,3.0,0.0,,25,25,"Simone, Edward",,Open
THTR-212-01,EUROPEAN THEATER HISTORY,211,MWF,630,680,3.0,0.0,,25,25,"Clingenpeel, Janell",,Open
THTR-230-01,THEATRICAL DESIGN,G2,TTH,600,675,3.0,0.0,THTR 130 OR INSTRUCTOR PERMISSION,12,12,"Clingenpeel, Janell",,Open
THTR-299-01,SBU THEATER PRODUCTION,,,,,1.0,0.0,,25,25,"Clingenpeel, JanellSimone, Edward",,Open
THTR-401-01,DIRECTING,THTR,TTH,780,855,3.0,0.0,,12,12,"Simone, Edward",,Open
VA-110-01,GRAPHIC DESIGN I,303,M,870,1020,3.0,0.0,,10,10,"Mormile, Anne",,Open
VA-121-01,PAINTING I,309,TTH,690,765,3.0,0.0,,12,12,"Mormile, Anne",,Open
VA-141-01,"CERAMICS I, HANDBUILDING",303,TTH,780,855,3.0,0.0,,12,12,"Mormile, Anne",,Open
VA-231-55,SCULPTURE II,,,,,3.0,0.0,VA 131,0,0,"Mormile, Anne",,Open
VA-351-01,THE FIGURE IN ART,303,TS,870,1020,3.0,0.0,,10,10,"Mormile, Anne",,Open
VA-399Q-01,SP TOP:CONSPIRACY OF COLOR,309,WM,870,1020,3.0,0.0,,12,12,"Clingenpeel, Janell",,Open
VA-411-01,SENIOR SEMINAR/EXHIBITION,,,,,3.0,0.0,,1,1,"Mormile, Anne",,Open
WS-101-01,INTRO TO WOMEN'S STUDIES,307,MWF,810,860,3.0,0.0,,22,22,"Matz, Lauren",,Open
WS-313-01,WOMEN IN SPORTS,002,MW,870,945,3.0,0.0,,10,10,"Scraba, Paula",,Open
WS-366-01,WOMEN IN EAST ASIA,013,MWF,630,680,3.0,0.0,,10,10,"Dalton, William",,Open
WS-482-01,"WOMEN, MINORITIES & THE MEDIA",107,T,1050,1200,3.0,0.0,,5,5,"Lee, Anne",,Open
