BLDG,Location
SWAN,MC
SWAN,MC
PLAS,MC
SWAN,MC
SWAN,MC
SWAN,MC
SWAN,MC
SWAN,MC
SWAN,MC
PLAS,MC
SWAN,MC
SWAN,MC
SWAN,MC
SWAN,MC
SWAN,MC
SWAN,MC
,MC
PLAS,MC
PLAS,MC
,OL
PLAS,MC
PLAS,MC
,OL
,MC
PLAS,MC
PLAS,MC
,MC
,MC
,OL
,OL
,OL
PLAS,MC
PLAS,MC
PLAS,
PLAS,
PLAS,
,OL
,OL
,MC
,MC
,MC
,MC
,MC
,MC
,MC
,MC
,MC
,MC
WALS,MC
WALS,MC
WALS,MC
WALS,MC
WALS,MC
DELA,MC
DELA,MC
WALS,MC
DELA,MC
WALS,MC
,MC
,MC
,MC
DELA,MC
DELA,MC
DELA,MC
,MC
,MC
,MC
WALS,MC
WALS,MC
WALS,MC
WALS,MC
WALS,MC
WALS,MC
WALS,MC
WALS,MC
WALS,MC
WALS,MC
DELA,MC
DELA,MC
DELA,MC
DELA,MC
DELA,MC
DELA,MC
DELA,MC
DELA,MC
WALS,MC
WALS,MC
WALS,MC
DELA,MC
DELA,MC
,MC
WALS,MC
WALS,MC
WALS,MC
WALS,MC
WALS,MC
WALS,MC
SWAN,MC
SWAN,MC
SWAN,MC
WALS,MC
PLAS,MC
PLAS,MC
PLAS,MC
,MC
,OL
,MC
,OL
,MC
SWAN,MC
,OL
,OL
SWAN,MC
SWAN,MC
,MC
SWAN,MC
SWAN,MC
,SBUOL
,SBUOL
,SBUOL
,SBUOL
,SBUOL
,SBUOL
,SBUOL
,SBUOL
,SBUOL
,SBUOL
,SBUOL
,SBUOL
,SBUOL
,SBUOL
,SBUOL
,SBUOL
,SBUOL
,SBUOL
,SBUOL
,SBUOL
,SBUOL
,SBUOL
,SBUOL
,SBUOL
,SBUOL
,SBUOL
,SBUOL
,SBUOL
,SBUOL
,SBUOL
,SBUOL
,SBUOL
,SBUOL
,SBUOL
,SBUOL
,SBUOL
,SBUOL
,SBUOL
,SBUOL
,SBUOL
,SBUOL
,SBUOL
,SBUOL
,SBUOL
,SBUOL
,SBUOL
,SBUOL
,SBUOL
,SBUOL
,SBUOL
,SBUOL
,SBUOL
WALS,MC
WALS,MC
DELA,MC
DELA,MC
DELA,MC
DELA,MC
DELA,MC
,MC
WALS,MC
WALS,MC
WALS,MC
WALS,MC
WALS,MC
WALS,MC
DELA,MC
MUPB,MC
,SBUOL
,SBUOL
,SBUOL
,SBUOL
,SBUOL
,SBUOL
,SBUOL
PLAS,MC
PLAS,MC
PLAS,MC
,OL
PLAS,MC
PLAS,MC
PLAS,MC
PLAS,MC
LIBR,MC
WALS,MC
WALS,MC
WALS,MC
WALS,MC
WALS,MC
WALS,MC
,MC
,MC
LIBR,MC
WALS,MC
WALS,MC
WALS,MC
,MC
WALS,MC
WALS,MC
PLAS,MC
PLAS,MC
WALS,MC
WALS,MC
WALS,MC
,MC
,SBUOL
,SBUOL
,SBUOL
,SBUOL
,SBUOL
,SBUOL
WALS,MC
,MC
WALS,MC
,MC
LIBR,MC
LIBR,MC
WALS,MC
WALS,MC
SWAN,MC
SWAN,MC
SWAN,MC
SWAN,MC
SWAN,MC
,MC
,MC
,MC
,MC
,OL
,OL
,OL
,OL
,OL
,OL
PLAS,MC
PLAS,MC
PLAS,MC
PLAS,MC
,OL
,OL
PLAS,MC
PLAS,MC
DELA,MC
PLAS,MC
PLAS,MC
PLAS,MC
PLAS,MC
PLAS,MC
PLAS,MC
PLAS,MC
PLAS,MC
PLAS,MC
PLAS,MC
PLAS,MC
PLAS,MC
PLAS,MC
PLAS,MC
,MC
,MC
,MC
,MC
,OL
,OL
,OL
,OL
,SBUOL
,SBUOL
WALS,MC
,SBUOL
,OL
PLAS,MC
PLAS,MC
PLAS,MC
WALS,MC
PLAS,MC
WALS,MC
PLAS,MC
MUPB,MC
MUPB,MC
PLAS,MC
PLAS,MC
MUPB,MC
PLAS,MC
PLAS,MC
PLAS,MC
DELA,MC
PLAS,MC
PLAS,MC
DELA,MC
DELA,MC
PLAS,MC
PLAS,MC
PLAS,MC
PLAS,MC
PLAS,MC
PLAS,MC
PLAS,MC
PLAS,MC
PLAS,MC
MUPB,MC
MUPB,MC
MUPB,MC
,MC
MUPB,MC
PLAS,MC
PLAS,MC
PLAS,MC
PLAS,MC
,MC
,MC
,MC
DELA,MC
DELA,MC
DELA,MC
SWAN,MC
SWAN,MC
SWAN,MC
SWAN,MC
SWAN,MC
SWAN,MC
SWAN,MC
,MC
SWAN,MC
SWAN,MC
SWAN,MC
SWAN,MC
,MC
PLAS,MC
WALS,MC
,MC
PLAS,MC
PLAS,MC
PLAS,MC
PLAS,MC
PLAS,MC
PLAS,MC
PLAS,MC
PLAS,MC
PLAS,MC
PLAS,MC
PLAS,MC
PLAS,MC
PLAS,MC
LIBR,MC
LIBR,MC
PLAS,MC
PLAS,MC
WALS,MC
DELA,MC
DELA,MC
PLAS,MC
,MC
,MC
,MC
,OL
FRHA,MC
FRHA,MC
FRHA,MC
,MC
RECE,MC
FRHA,MC
,MC
DELA,MC
DELA,MC
,MC
PLAS,MC
,MC
MUPB,MC
MUPB,MC
MUPB,MC
MUPB,MC
,MC
MUPB,MC
MUPB,MC
MUPB,MC
MUPB,MC
MUPB,MC
MUPB,MC
MUPB,MC
MUPB,MC
MUPB,MC
MUPB,MC
MUPB,MC
MUPB,MC
MUPB,MC
MUPB,MC
MUPB,MC
MUPB,MC
,OL
,MC
,MC
,MC
MUPB,MC
MUPB,MC
MUPB,MC
MUPB,MC
MUPB,MC
MUPB,MC
,OL
,MC
,SBUOL
,SBUOL
,SBUOL
,SBUOL
,SBUOL
,SBUOL
,SBUOL
,SBUOL
,SBUOL
,SBUOL
,SBUOL
,SBUOL
PLAS,MC
PLAS,MC
,SBUOL
,SBUOL
,SBUOL
,SBUOL
,SBUOL
DELA,MC
DELA,MC
DELA,MC
DELA,MC
DELA,MC
DELA,MC
DELA,MC
DELA,MC
DELA,MC
DELA,MC
DELA,MC
DELA,MC
DELA,MC
DELA,MC
DELA,MC
DELA,MC
DELA,MC
,MC
,SBUOL
,SBUOL
SWAN,MC
SWAN,MC
,SBUOL
,SBUOL
SWAN,MC
,SBUOL
SWAN,MC
SWAN,MC
,SBUOL
,OL
,SBUOL
SWAN,MC
SWAN,MC
,SBUOL
SWAN,MC
SWAN,MC
,SBUOL
,SBUOL
,OL
,SBUOL
SWAN,MC
SWAN,MC
PLAS,MC
SWAN,MC
SWAN,MC
SWAN,MC
,OL
FRHA,MC
FRHA,MC
FRHA,MC
FRHA,MC
,OL
FRHA,MC
SWAN,MC
SWAN,MC
SWAN,MC
SWAN,MC
SWAN,MC
SWAN,MC
,OL
SWAN,MC
SWAN,MC
SWAN,MC
PLAS,MC
SWAN,MC
SWAN,MC
PLAS,MC
SWAN,MC
SWAN,MC
SWAN,MC
SWAN,MC
SWAN,MC
SWAN,MC
SWAN,MC
,OL
,OL
PLAS,MC
PLAS,MC
MUPB,MC
PLAS,MC
PLAS,MC
SWAN,MC
SWAN,MC
FRHA,MC
FRHA,MC
FRHA,MC
FRHA,MC
MUPB,MC
PLAS,MC
DOHA,MC
PLAS,MC
PLAS,MC
DOHA,MC
,MC
,MC
PLAS,MC
DOHA,MC
DOHA,MC
DOHA,MC
,SBUOL
,SBUOL
,SBUOL
RQAC,MC
RQAC,MC
RQAC,MC
RQAC,MC
RQAC,MC
RQAC,MC
RQAC,MC
RQAC,MC
RQAC,MC
RQAC,MC
RQAC,MC
RQAC,MC
PLAS,MC
,OL
,MC
FRHA,MC
FRHA,MC
FRHA,MC
FRHA,MC
FRHA,MC
FRHA,MC
,MC
,MC
FRHA,MC
FRHA,MC
FRHA,MC
FRHA,MC
FRHA,MC
FRHA,MC
FRHA,MC
,MC
,MC
,MC
,MC
,MC
,MC
,MC
,MC
,MC
,MC
,MC
FRHA,MC
FRHA,MC
,MC
FRHA,MC
FRHA,MC
BUTL,MC
BUTL,MC
BUTL,MC
RECE,MC
RECE,MC
RECE,MC
RECE,MC
PLAS,MC
RECE,MC
BUTL,MC
,
BUTL,MC
SWAN,MC
,MC
,MC
BUTL,MC
,MC
PLAS,MC
PLAS,MC
PLAS,MC
PLAS,MC
PLAS,MC
PLAS,MC
PLAS,MC
PLAS,MC
WALS,MC
PLAS,MC
PLAS,MC
PLAS,MC
PLAS,MC
PLAS,MC
PLAS,MC
PLAS,MC
PLAS,MC
PLAS,MC
PLAS,MC
PLAS,MC
PLAS,MC
PLAS,MC
,MC
PLAS,MC
PLAS,MC
PLAS,MC
DELA,MC
DELA,MC
DELA,MC
DELA,MC
DELA,MC
DELA,MC
DELA,MC
DELA,MC
DELA,MC
DELA,MC
DELA,MC
DELA,MC
,MC
,OLEAN
PLAS,MC
,OL
MUPB,MC
PLAS,MC
PLAS,MC
PLAS,MC
PLAS,MC
PLAS,MC
,MC
DELA,MC
DELA,MC
DELA,MC
DELA,MC
DELA,MC
DELA,MC
WALS,MC
,MC
DELA,MC
DELA,MC
DELA,MC
DELA,MC
DELA,MC
DELA,MC
DELA,MC
DELA,MC
DELA,MC
,MC
,MC
,MC
,MC
SWAN,MC
SWAN,MC
SWAN,MC
SWAN,MC
PLAS,MC
SWAN,MC
SWAN,MC
SWAN,MC
,OL
,OL
,OL
,OL
,MC
,
SWAN,MC
,OL
SWAN,MC
SWAN,MC
SWAN,MC
,MC
MUPB,MC
MUPB,MC
,OL
MUPB,MC
MUPB,MC
MUPB,MC
MUPB,MC
PLAS,MC
MUPB,MC
MUPB,MC
,OL
,MC
MUPB,MC
MUPB,MC
,MC
PLAS,MC
PLAS,MC
PLAS,MC
DELA,MC
PLAS,MC
PLAS,MC
PLAS,MC
DELA,MC
PLAS,MC
,MC
PLAS,MC
PLAS,MC
PLAS,MC
,OL
LIBR,MC
MUPB,MC
PLAS,MC
PLAS,MC
DELA,MC
PLAS,MC
PLAS,MC
PLAS,MC
MUPB,MC
PLAS,MC
PLAS,MC
FRHA,MC
PLAS,MC
,MC
PLAS,MC
,MC
,MC
PLAS,MC
PLAS,MC
PLAS,MC
MUPB,MC
PLAS,MC
PLAS,MC
PLAS,MC
PLAS,MC
,OL
,OL
,OL
,OL
MUPB,MC
DELA,MC
DELA,MC
PLAS,MC
PLAS,MC
SWAN,MC
MUPB,MC
DELA,MC
MUPB,MC
DELA,MC
DELA,MC
MUPB,MC
MUPB,MC
MUPB,MC
MUPB,MC
MUPB,MC
MUPB,MC
MUPB,MC
MUPB,MC
MUPB,MC
MUPB,MC
,MC
RQAC,MC
RQAC,MC
BUTL,MC
,MC
DEVE,MC
RQAC,MC
RQAC,MC
RQAC,MC
,MC
RQAC,MC
RQAC,MC
,MC
PLAS,MC
RECE,MC
PLAS,MC
MUPB,MC
